Date,Open,High,Low,Close,Adj Close,Volume
2018-01-01,,,,,,
2018-01-02,0.6443378559904629,0.6325594971917716,0.6545095599983847,0.6295427289811955,0.5043756962315178,0.17338096998069896
2018-01-03,0.6208574811591816,0.6196997287231831,0.6514154109556703,0.6379241152033404,0.5114741698842153,0.18771303026569752
2018-01-04,0.6360879742078893,0.6431948297031567,0.666754462467697,0.6611908515409621,0.5311804871277797,0.15766635182675592
2018-01-05,0.6615427817972599,0.6481997045399197,0.6786043842852346,0.6577711804827471,0.5282841051986464,0.19180594910544402
2018-01-08,0.6535750079484071,0.6435424110798378,0.6831468626863627,0.6577711804827471,0.5282841051986464,0.09903768496844757
2018-01-09,0.658087766554071,0.6532740532252412,0.6876234440102872,0.6656832622786106,0.5349851803898857,0.13261604588449483
2018-01-10,0.6546326437182299,0.6468094851001398,0.6826859849573849,0.6581064563940016,0.5285678912237872,0.08699163620932747
2018-01-11,0.6531518460478258,0.647643595550619,0.685648440298554,0.6632023023848022,0.5328839874887124,0.12651088935430443
2018-01-12,0.66542095894103,0.6864313225020597,0.6915075543565502,0.6972642682690202,0.5617328219760762,0.21509041380915223
2018-01-15,,,,,,
2018-01-16,0.6970102691806765,0.6855276321360779,0.6942067227474903,0.6687005408562141,0.5375408230363281,0.19607682093822293
2018-01-17,0.6740938950315327,0.6676630948976707,0.6994074687506217,0.6833847458873068,0.5499777088282842,0.15052085472191423
2018-01-18,0.6783246532961278,0.670374059928672,0.7020408405172197,0.6785570592384038,0.5506618341027087,0.12597703037520702
2018-01-19,0.6857284264628432,0.6701655323160522,0.704279131179182,0.6872737213718032,0.5580743838951481,0.14954895760612158
2018-01-22,0.6834015201765811,0.6689142605733893,0.7010532884349224,0.6812390619047528,0.5529427091400079,0.215405253719902
2018-01-23,0.6779015989881987,0.6658557141657071,0.6996708561537123,0.6764113752558498,0.5488370752571132,0.2677508110549875
2018-01-24,0.6404597864393449,0.7448909674238715,0.6639236003752115,0.755464667397753,0.61606319086458,0.5276716904165469
2018-01-25,0.7604005244065861,0.7973725732943799,0.7837393537545966,0.8041437217437069,0.6574591906873484,0.3992033181388855
2018-01-26,0.7953039035152132,0.7893091520499345,0.7973666885051188,0.8021992851573805,0.6558061738507499,0.22672580181512053
2018-01-29,0.8062332727048738,0.8100931819319628,0.8208031447371039,0.797237467681607,0.6515865354264947,0.19387294156297485
2018-01-30,0.7950219031741446,0.7845822786743499,0.8015141862544725,0.789057226543846,0.6446301998520196,0.17368212119967696
2018-01-31,0.8033422581438223,0.791811589468316,0.8020408606077921,0.7769880099215887,0.6343664582366959,0.20700039697206135
2018-02-01,0.7772528690925582,0.7981372098963004,0.7995391825427393,0.7952930310952804,0.6499326363535487,0.19963588079887207
2018-02-02,0.7663234999028976,0.7815933121821703,0.7919025550988968,0.7718921639307883,0.6300331093498623,0.14462102856829973
2018-02-05,0.7635030661216022,0.7601141195467802,0.7133640879814379,0.7014885196647711,0.5701624922510242,0.28124786114191064
2018-02-06,0.6639402688632783,0.6957459094222236,0.6803817972182192,0.7098028916294026,0.5772331264456423,0.3531682477105663
2018-02-07,0.7068820026005143,0.7341860549969834,0.7337721917950505,0.7264985475043353,0.5914306619086027,0.22459036589873105
2018-02-08,0.7331124456186389,0.7245238867001385,0.6940092324216031,0.666823118527401,0.5406832508801778,0.22565808385692576
2018-02-09,0.6766323284717592,0.7043654396559698,0.7005267145344644,0.707389048304951,0.5751803585173254,0.32319001273048337
2018-02-12,0.7192920618679268,0.7096483159539109,0.7065174218411442,0.6901568691225362,0.5605264127838792,0.3254349581810466
2018-02-13,0.6751516383940075,0.692965470542664,0.7040816408532947,0.7054445094067812,0.5735267535231618,0.30595594978987856
2018-02-14,0.6976449582352222,0.7326567817931422,0.7244898451197689,0.7486254275931665,0.6102472928087543,0.29488179814655113
2018-02-15,0.7912847799972349,0.7813152046540477,0.7911125937953482,0.796566915859098,0.6510160225883874,0.3152642601946532
2018-02-16,0.7998872429006332,0.7854859690403317,0.8028308219113408,0.7884537912906942,0.6441170323765055,0.2214556554830055
2018-02-19,,,,,,
2018-02-20,0.7815541005442574,0.7721396714979452,0.7941408457608591,0.7726297300108107,0.6306600853142155,0.12178829069305848
2018-02-21,0.7705542581674927,0.7777701291725674,0.79117839041969,0.7653882000374563,0.6245021736343079,0.11357507563002205
2018-02-22,0.7722464753992091,0.7617128665991797,0.7847926020083741,0.761298079468576,0.6210239078208095,0.07887424198869314
2018-02-23,0.7706247313545969,0.7587933739555588,0.785516766687581,0.7670644772818853,0.6259274754669677,0.09758668364064448
2018-02-26,0.7813425733902928,0.794383500735256,0.7996049791670811,0.8058199989881358,0.6588849826513123,0.15392933897307437
2018-02-27,0.8061627995177696,0.7978591023681778,0.8118498816363932,0.7864422381350105,0.6424062780722706,0.1043078313005626
2018-02-28,0.792836050854743,0.7881969340713328,0.8025016378839082,0.7767868648372047,0.6341955004377853,0.09672429605902565
2018-03-01,0.781413046577397,0.7827055301607719,0.7732060675939268,0.7546599847483735,0.6153789675638945,0.23109249449030156
2018-03-02,0.7443942883364723,0.7717226162727058,0.7709018798547612,0.782754407734898,0.6392701239091148,0.23781364215021972
2018-03-05,0.7649132830122498,0.7768664388065856,0.7817643500428632,0.7914710698682974,0.6466827717278147,0.22506947011074152
2018-03-06,0.7962205929108277,0.7815933121821703,0.8071758099865814,0.7926109261170879,0.6476521534212929,0.1390634197089784
2018-03-07,0.7783810856421371,0.7888225169091923,0.795457581870589,0.8024674444992779,0.6560339868809495,0.1255116148549683
2018-03-08,0.809758868727819,0.7927847536828563,0.8158656856842016,0.8049483020812429,0.6581434139880338,0.10037917676207685
2018-03-09,0.8163870064657803,0.8132907821037063,0.8307439599201117,0.8270751821700741,0.6769599468619245,0.13518951993757955
2018-03-12,0.8273868488425451,0.8129432007270252,0.8122448622881676,0.7914710698682974,0.6466827717278147,0.12285600865125319
2018-03-13,0.8021435684071392,0.7915334819401936,0.805003315948961,0.7828215243042551,0.6393269791404039,0.1155599359369225
2018-03-14,0.7927654700749867,0.7758932745920453,0.7902567354145961,0.7716910188464043,0.6298619554984302,0.09324736834900689
2018-03-15,0.7780989777084164,0.7706798721426624,0.7946675201141787,0.7777926925709682,0.635050779563642,0.07532887081981575
2018-03-16,0.7847976962261338,0.7707494520581655,0.7947992138157239,0.7787314037353747,0.6358491054319488,0.22709539649295718
2018-03-19,0.7790861402911349,0.7738774723144062,0.7932850878329686,0.7865092523925241,0.6424633293560813,0.08028417724118106
2018-03-20,0.7914963071511993,0.7917420095528132,0.8133641080720103,0.7964328873440709,0.6509022140995484,0.0652539936758244
2018-03-21,0.798265391263369,0.7866676608674918,0.8109941237085027,0.7855035269706041,0.6416078541777028,0.07879210983806277
2018-03-22,0.7762657065098395,0.7714445087445831,0.7720869222629457,0.7494300079307026,0.610931320056918,0.1164497009020848
2018-03-23,0.7498237363377505,0.7748506365289465,0.7764977069625284,0.7523802722507924,0.6134400081244165,0.15283424363133613
2018-03-26,0.7740092734106816,0.7703323968329259,0.7921000454247841,0.7836261046417912,0.6400114965198718,0.13655838911475232
2018-03-27,0.7956564846360381,0.7839566958364905,0.7849900923342613,0.7675338840200103,0.6263268344536428,0.11138488494654565
2018-03-28,0.7725285833329298,0.756847045526478,0.7646477851449905,0.7421214636998346,0.604716259066939,0.19177857172190055
2018-03-29,0.7575095098455344,0.7678299594145443,0.7733377612954723,0.7663939254593763,0.6253575507864255,0.22231804306462433
2018-03-30,,,,,,
2018-04-02,0.7639965936166355,0.757889683589577,0.7570770547783517,0.7528496789889174,0.6138393671110915,0.14017220374248834
2018-04-03,0.7600479432857612,0.7538579729673542,0.7680053215907957,0.7625050522867234,0.6220503407980984,0.14596252036192903
2018-04-04,0.7262021999469568,0.7347421639862841,0.7486504660309609,0.7505698641794929,0.6119008978029179,0.3328952951966381
2018-04-05,0.7635030661216022,0.7556653536993181,0.7755102553330927,0.7685396094419303,0.6271819175269779,0.2584151232666694
2018-04-06,0.7567338744167804,0.7483665690567933,0.7453588266623593,0.7317956408913633,0.59593536069939,0.16080106224248147
2018-04-09,0.739317421456019,0.7316141437300434,0.7504278789639452,0.7265656640736924,0.5914882033237177,0.12803033414096615
2018-04-10,0.7455225048860512,0.732031198955283,0.7462804816674532,0.7231459930154773,0.5885797641645008,0.18661793492395934
2018-04-11,0.7180933721312437,0.7262616875165995,0.7468729526451147,0.7356846163758597,0.5992424726614562,0.11665503127866071
2018-04-12,0.7348046628503553,0.7384958731473286,0.7610928588261602,0.7484242825087826,0.6154484681828323,0.12686679534036932
2018-04-13,0.7563108201088513,0.7425275837695513,0.7678077308120469,0.7496982695844436,0.6165365596781915,0.08503415328597046
2018-04-16,0.7584966724282531,0.7471848772296332,0.7754443582558893,0.7496311530150865,0.6164794103681199,0.1451001327803102
2018-04-17,0.7553236575261328,0.7633116136515794,0.7813693693910889,0.7698135965175912,0.6337165441273056,0.11247998028828386
2018-04-18,0.7929769972289511,0.7973029933788771,0.8094798972728857,0.7971704534240935,0.6570808093204938,0.15732413453246274
2018-04-19,0.7995346617798083,0.7835396406112509,0.8059907675783969,0.7937507823658785,0.6541602149049321,0.09662847521662356
2018-04-20,0.8018615680660703,0.7846518585898528,0.8026991282097954,0.7812122613173396,0.6434516301179021,0.13123348801555035
2018-04-23,0.7809899922694679,0.7863200794908107,0.8055957869266227,0.8003218628285673,0.6597723163644649,0.20548095218539963
2018-04-24,0.8150472627622369,0.8114835074386868,0.7737327419472465,0.7739037170864718,0.6372096119061912,0.35468769249722804
2018-04-25,0.7315611747611308,0.7298068690650241,0.7021066371415615,0.7236824140111158,0.5943176333166951,0.5834804867698794
2018-04-26,0.7245804559023445,0.7126373885130348,0.723568190114675,0.705042219238013,0.57839777645072,0.2866275170081995
2018-04-27,0.7021577168408859,0.6881691233185208,0.676300196546069,0.6511331880743882,0.5323562141003326,0.2596060394508097
2018-04-30,0.6461006540019356,0.6412485012740761,0.6628703521214337,0.635040865140764,0.5186124421988154,0.30779023448729004
2018-05-01,0.6274855113044908,0.6127485254573395,0.6183015269437678,0.6081534149723868,0.4956491044124758,0.35660410934526987
2018-05-02,0.600338486483404,0.6082302857613189,0.6251480926312,0.5972910688564335,0.486371703033756,0.21696576458187888
2018-05-03,0.5830630874895029,0.5818852720532268,0.5954575416894444,0.5927316438612715,0.4824776098217609,0.23714289625340507
2018-05-04,0.5767875308723664,0.5752120702485615,0.609874938196377,0.5932010505993965,0.4828786352548702,0.16125278907094848
2018-05-07,0.5909603881512515,0.5948145143703738,0.6217906566382566,0.6024540314165909,0.49078112029900356,0.13141144100858282
2018-05-08,0.598011580197142,0.6042680489876546,0.6284397319998015,0.623709214598529,0.5089346035445512,0.25033879512135027
2018-05-09,0.6214920626210754,0.6194217272620048,0.6520078819333318,0.6332975736388216,0.5171235213228684,0.1962547739312554
2018-05-10,0.6314342692280173,0.625608293925928,0.6606319610066099,0.6374547084652153,0.5206739344643474,0.10553981356001808
2018-05-11,0.6289663089748947,0.6358265712120736,0.6636603134249824,0.6525412036650762,0.5335588002683567,0.13349212215788536
2018-05-14,0.6453250185731816,0.6356180435994538,0.6620144937406817,0.6468419224211237,0.528691208259928,0.1644011881784458
2018-05-15,0.6346072841301376,0.6244266020987679,0.6552337246775916,0.6373205776383448,0.5205591457129,0.09456148275909272
2018-05-16,0.6334790675805586,0.6235229117327858,0.6562211763070273,0.6296097432387091,0.5139736434831945,0.09424664284834298
2018-05-17,0.6224086444240375,0.6193522534134464,0.6566820540360051,0.6380581437183674,0.5211892585175999,0.12132287517281974
2018-05-18,0.6291073629417552,0.6300570597733901,0.6637920071265279,0.6431540920210113,0.5255415264727761,0.23209176898963763
2018-05-21,0.648568614255058,0.6469485388642011,0.6763659931704108,0.664945696198588,0.5441530864352437,0.10495119981383379
2018-05-22,0.6590749291367894,0.6448631566710592,0.6816326362507455,0.6555584822426797,0.536135714613402,0.1338480281439503
2018-05-23,0.6391905159229054,0.6448631566710592,0.670375285863731,0.6635375782960566,0.5429503042146979,0.10815435368841801
2018-05-24,0.6590749291367894,0.6664814030705106,0.6888742830428135,0.6847927614779947,0.5611034933814629,0.14885083432576351
2018-05-25,0.6775490178673738,0.6651606574792894,0.7009216951862386,0.6807026409091144,0.5576101315237947,0.11751741886027951
2018-05-28,,,,,,
2018-05-29,0.6640812152374864,0.6519533076340198,0.6552995213019334,0.6383934196296219,0.5214755932255228,0.18346953581646203
2018-05-30,0.6351713924049269,0.6365217339654357,0.6620802903650237,0.6533457840026122,0.5342459643568673,0.12592227560812014
2018-05-31,0.6479340327931644,0.6358265712120736,0.665174439407738,0.6377229701189564,0.5209032178884594,0.21169561824976385
2018-06-01,0.6454660725400418,0.6372167906518535,0.6721526987967154,0.6495239250874727,0.5309818859233113,0.08673155106566464
2018-06-04,0.6469468702104457,0.6371473168032951,0.6685977724778848,0.6436905130166499,0.525999701215957,0.11008445922823155
2018-06-05,0.6346777573172417,0.6249827110880686,0.653522108368949,0.633632849550076,0.5174098560307914,0.18315469590571232
2018-06-06,0.6322803778438755,0.6190046720367652,0.6551679280532497,0.6363818664739385,0.5197576830042461,0.17520156598633868
2018-06-07,0.6333380136136981,0.6279716775802482,0.6645819684300766,0.6453667902610789,0.5274312767293108,0.07281015153381791
2018-06-08,0.638203353340187,0.6255388200773695,0.6484529556145012,0.6435563821897794,0.5258853045695531,0.13681847425841515
2018-06-11,0.6382738265272911,0.6333241337936921,0.665371929733625,0.6376558535495993,0.5208458725258662,0.10348650979425895
2018-06-12,0.6286843086338261,0.6223412199056257,0.6384463438071514,0.6161995252832773,0.5025207452975824,0.25584164921358465
2018-06-13,0.6069666242213654,0.6135827419747628,0.6420671672031854,0.6250503182435472,0.5100796482974603,0.23484319603575488
2018-06-14,0.6257227132930183,0.6117058873942407,0.6251480926312,0.5982298823326835,0.4871734598211923,0.28241139994250747
2018-06-15,0.580806654390345,0.5762547083116603,0.6107965932014708,0.598095751505813,0.48705896514852753,0.3467208738860827
2018-06-18,0.5822168712809928,0.5804254726979443,0.619223181948862,0.5992356077546033,0.4880326599974827,0.1502470808864797
2018-06-19,0.5770695312134353,0.5683303408312763,0.5923633926467301,0.5638326405372107,0.4577963618141445,0.16556472697904262
2018-06-20,0.5564800633505536,0.5487974766249668,0.5900592049075642,0.5685932106167568,0.4618620009826153,0.09968105348171875
2018-06-21,0.5519673047448896,0.5467816743473277,0.5711652270767072,0.548679028767993,0.44485434670006363,0.28469741146838595
2018-06-22,0.5495699252715234,0.5362158156845009,0.5721527791590045,0.5550489641462979,0.4502946081243382,0.16719368129987816
2018-06-25,0.5365956501366695,0.5360767619204396,0.5694536107680647,0.553171541817485,0.44869099652320465,0.13243809289146236
2018-06-26,0.5437174229623161,0.5349646500087823,0.5747860504727412,0.5511599886618015,0.4469730863019279,0.15245096026172777
2018-06-27,0.542941787533562,0.5402475263067235,0.5615536963739932,0.5316480969818058,0.4303087199848492,0.19722667104704805
2018-06-28,0.5215061034621702,0.5230780457547342,0.5507571232630947,0.5420410363596342,0.43918480185167685,0.1025556787537815
2018-06-29,0.5348328521251968,0.525719536937177,0.5643844580136169,0.5351347822975341,0.4332865617367432,0.17242276155667802
2018-07-02,0.5149485465039649,0.5181426447665296,0.5536536815270604,0.5415716296215092,0.4387841685236109,0.09790152355139418
2018-07-03,0.5379353938402129,0.5585292248373144,0.5757077054778351,0.5571275315594948,0.45206976568194723,0.1975962657248847
2018-07-04,,,,,,
2018-07-05,0.5447045855450348,0.5342694872554201,0.5734694148158729,0.5504894368392925,0.45172422311247495,0.16115696822854642
2018-07-06,0.5387816100487233,0.536493817145679,0.5711652270767072,0.5514281480036989,0.4525300970028667,0.15913104184633076
2018-07-09,0.543294368654387,0.5512304401947898,0.580315980503305,0.5695319217811632,0.4680679455303358,0.1270584370251735
2018-07-10,0.5645888911662666,0.5652023205750356,0.600526694443892,0.5779804245726652,0.4753189480449054,0.1413083651595417
2018-07-11,0.563249147462723,0.5497011669909486,0.5943383963584633,0.5693307766967792,0.4678955173375128,0.0936032743350718
2018-07-12,0.570088812354649,0.5634645197585746,0.6015141460733279,0.583612691559104,0.4801531130983867,0.13857062680519622
2018-07-13,0.5717106639919132,0.5704853029399211,0.6051349694693618,0.577578134403897,0.47497360152795487,0.20682244397902894
2018-07-16,0.5710055017502633,0.5613096637168742,0.5934825379777112,0.5692637624392658,0.4678375838173543,0.11532722817680315
2018-07-17,0.5596530782526739,0.5529682410112506,0.5919026153706138,0.5747620009106778,0.47255666604060576,0.12174722461774327
2018-07-18,0.5647299451331269,0.5763937620757216,0.596905871047858,0.5956147916120045,0.49045390864030924,0.16444225425376097
2018-07-19,0.5836976689513966,0.5750035426359417,0.6115207578806777,0.5883733639504936,0.48423874962406943,0.10478693551257305
2018-07-20,0.5762938957846813,0.5778535614310043,0.6131665775649785,0.5946090661900845,0.4895906893873241,0.08801828809220703
2018-07-23,0.5860950484247629,0.5739609045728429,0.6071757698054369,0.5808635723233981,0.47779352297363054,0.12211681929557992
2018-07-24,0.5841207232593257,0.5964132614227735,0.6131665775649785,0.6044655845722744,0.4980503556980902,0.24463061065253994
2018-07-25,0.6109152745522397,0.632976552417011,0.6244898250291967,0.6493897942606022,0.5366073189543186,0.3056684872626723
2018-07-26,0.6336201215474189,0.6303350612345682,0.650362062249031,0.6294756124118386,0.5195157541924853,0.27725076314456626
2018-07-27,0.6288958357877907,0.6190046720367652,0.6414087991483205,0.617205250705197,0.5089845969375812,0.120405732824114
2018-07-30,0.6098575311897649,0.6062144834836796,0.6282422416739143,0.6011800443409299,0.49523033622615364,0.10170697986393441
2018-07-31,0.609152476540767,0.6071876476982201,0.6389072215361292,0.6246479257629356,0.5153721841466441,0.26253541948995934
2018-08-01,0.6150754520370785,0.6039900475264763,0.6254772766586324,0.5995037670965009,0.49379150676949757,0.15655756779324598
2018-08-02,0.5783386941372226,0.582719382503706,0.6104016125496966,0.5923293536925034,0.4876344773259378,0.2572926505413877
2018-08-03,0.5773515315545039,0.5668010676274351,0.6010533687972116,0.5866299701367075,0.48274267283108085,0.3137311267162197
2018-08-06,0.5748130981142774,0.5614487174809355,0.602830781730196,0.5828081112215682,0.4794623220382248,0.23563714015851506
2018-08-07,0.5748130981142774,0.5797998898600849,0.6131006804877749,0.6013141751678004,0.4953456151089053,0.12141869601522183
2018-08-08,0.5930757672835492,0.5800084174727047,0.6153390716025989,0.5936033407681645,0.4887277642131216,0.0999000725500664
2018-08-09,0.5839796692924653,0.5720840499923208,0.604674091740384,0.5764382781551067,0.47399539747100095,0.07394631295087128
2018-08-10,0.5656466345287414,0.5544975142150919,0.5932192510274822,0.5713423298524627,0.46962185781722177,0.08663573022326256
2018-08-13,0.562473512033969,0.5545669880636503,0.5920342086192975,0.5715434749368467,0.4697943840363059,0.06730729744158351
2018-08-14,0.5629671471216544,0.5642291563604951,0.6003950007423468,0.5835456773015906,0.4800954736570109,0.0626531422391962
2018-08-15,0.5688196494308617,0.5593633352877936,0.5939434157066888,0.5746948843413207,0.47249932067801237,0.10945477940673211
2018-08-16,0.5674094325402141,0.5634645197585746,0.6019091267251021,0.5755665812482136,0.4732472610482459,0.09287777367117024
2018-08-17,0.568608122276897,0.5632559921459548,0.6035549464094029,0.5838808509010016,0.4803830827063247,0.06662286285299714
2018-08-20,0.5788323292249078,0.5739609045728429,0.6142857228959596,0.5921952228656329,0.4875190023906646,0.08413069962903645
2018-08-21,0.5816527630062032,0.5743083798825797,0.6140882325700724,0.5924634845193739,0.487749266077385,0.09472574706035343
2018-08-22,0.5798194918076265,0.5693730849613194,0.6038183338124935,0.5758347405901112,0.47347742670870563,0.06643122116819296
2018-08-23,0.5656466345287414,0.5560267874189331,0.5980908130031809,0.5698671976924177,0.4683555545796496,0.07311130275279591
2018-08-24,0.5629671471216544,0.5536632976976685,0.5978933226772937,0.5765723066701336,0.4741104803012308,0.0407512354044324
2018-08-27,0.5700183391675449,0.5753511240126228,0.6086240991638504,0.5946760804475979,0.4896483288286999,0.07719053290077067
2018-08-28,0.5925821321958638,0.5797303099445821,0.6213297789092788,0.5968887786876653,0.4915473915800148,0.09495845482047281
2018-08-29,0.5871526841945856,0.5766022896883414,0.6132982712665237,0.5907872072749449,0.4863105346469898,0.08971568587190122
2018-08-30,0.5799605457744867,0.5779925091281213,0.60237000445408,0.5760358856744952,0.4736501489803113,0.09510903042996181
2018-08-31,0.5600761325606027,0.5602670256537754,0.5977617294286101,0.5820034285721887,0.47877182505684557,0.09734028718875339
2018-09-03,,,,,,
2018-09-04,0.5663516891777391,0.5587377524499342,0.5980908130031809,0.5767064374970041,0.4742256611577216,0.0574514393659398
2018-09-05,0.5619095113518318,0.565480428103158,0.5996708360631399,0.5858924040566851,0.48210961923855566,0.11514927518377067
2018-09-06,0.5798899649947307,0.5765328158397829,0.6165240135579219,0.5943409068481869,0.4893607197793861,0.057492505441254976
2018-09-07,0.5824989792147135,0.5729181604427998,0.6135615582167527,0.5907872072749449,0.4863105346469898,0.09263137721927915
2018-09-10,0.5854604669628691,0.5832059115775039,0.6220539435884856,0.5973581854257903,0.49195027951208026,0.10429414260879087
2018-09-11,0.5822168712809928,0.5811206354513063,0.6198156529265234,0.5998390430077554,0.49407970397637646,0.08751180649665312
2018-09-12,0.5881399543699561,0.5839705481794244,0.6250822960068582,0.600777754172162,0.4948851857617249,0.07736848589380313
2018-09-13,0.5991397967467209,0.596482735271332,0.6344305397593432,0.6166689320214023,0.5085242656166618,0.0859512956346762
2018-09-14,0.6097165848155566,0.6091339761273007,0.6437787835118279,0.6296767574962225,0.5196881823853083,0.09264506591105089
2018-09-17,0.6238189689073375,0.6247741834754488,0.6569453409862341,0.6425505544560157,0.5307375064550293,0.1028020752056726
2018-09-18,0.6391200427358013,0.6391631190809342,0.6707043694383018,0.6571677452295952,0.5432830053439996,0.0998590064747512
2018-09-19,0.6531518460478258,0.6491033949059015,0.6772876481755049,0.6531446389182283,0.5398301283320597,0.1427046117202579
2018-09-20,0.6511070476952847,0.6406923922847754,0.657669505665441,0.6454338045185923,0.5332119833574935,0.14048704365323805
2018-09-21,0.648216033134233,0.6475045417865577,0.6794601422131251,0.6575030211408497,0.5435707124195743,0.2933212872845742
2018-09-24,0.6496968308046369,0.6367997354266139,0.6697169178088659,0.6452326594342084,0.5330393591121487,0.11117955456996974
2018-09-25,0.6382738265272911,0.6316558068257896,0.6660960944128319,0.6495909393449864,0.5367799431996634,0.07609543755903249
2018-09-26,0.6440558556493943,0.6323509695791518,0.6645161718057345,0.6387286955408764,0.5274574497409559,0.1234583110892092
2018-09-27,0.6353829195588916,0.6223412199056257,0.6618828000391365,0.6402038277009214,0.5287234588997454,0.08567752179924164
2018-09-28,0.6333380136136981,0.6394412266090568,0.6620144937406817,0.6579053113096176,0.5439160589365248,0.17087593938647283
2018-10-01,0.6616838357641202,0.6477826493146801,0.6847267852934599,0.6631352881272885,0.548404583394273,0.06959330896746198
2018-10-02,0.6600620917195081,0.6460448484982193,0.6814351459248585,0.65964860281156,0.5454121357295134,0.06522661629228095
2018-10-03,0.659639037411579,0.6508411957223625,0.6854509499726668,0.6646104202873335,0.5496706905793234,0.10603260646380026
2018-10-04,0.6496968308046369,0.6477130693991773,0.6797893262405578,0.6658844073629946,0.5561453251080153,0.08883960959851066
2018-10-05,0.6623184172260139,0.6584179818260654,0.6909808800032305,0.6686335265987005,0.5585156000952032,0.21927915349130084
2018-10-08,0.6618953629180848,0.6566801810096046,0.6897959380479076,0.6742657935851395,0.5633715269785915,0.1652909531436081
2018-10-09,0.6654914321281342,0.6534131069893026,0.6811059618974259,0.6541504666519917,0.5460289169627386,0.08356946326639562
2018-10-10,0.6487096682219184,0.6336717151703732,0.6396971828396779,0.6116401002881153,0.5093776822435623,0.18162156242727884
2018-10-11,0.6036525553523846,0.5919644955753114,0.6063858085018882,0.5789191357370715,0.4811669987142877,0.23881291664955578
2018-10-12,0.5886334818649894,0.5745169074951995,0.5850559492303201,0.5716105915062037,0.47486587066728836,0.13538116162238373
2018-10-15,0.5633902014295835,0.5658279034128948,0.6015141460733279,0.5768405683238746,0.47937478458729177,0.09898293020136066
2018-10-16,0.5720631375200862,0.5713194133904,0.600526694443892,0.5907872072749449,0.4913991758736198,0.1041025009239867
2018-10-17,0.5871526841945856,0.5772278725262006,0.6113232675547905,0.5849536928922785,0.48636964448227826,0.09493107743692934
2018-10-18,0.5650119454741958,0.5608230285761318,0.5888742629522413,0.5673863401104529,0.4712238029719209,0.10287051866453124
2018-10-19,0.5590184967907801,0.5514389678074096,0.5903883889349967,0.5609493904746343,0.46567404621428476,0.08506153066951393
2018-10-22,0.5552813736138704,0.5474767310337454,0.5822909842150382,0.5601448101370983,0.4649803143662976,0.11180923439146921
2018-10-23,0.5320828915310056,0.5357987604592613,0.5674786070563315,0.5441196037728311,0.4511639050054954,0.21806085992361707
2018-10-24,0.5124805862508426,0.5074378384065859,0.47603686941469536,0.44682850933843676,0.36728283360199065,0.6250530436806154
2018-10-25,0.4288534442828762,0.42242465216406266,0.4527321068842557,0.4291270257297404,0.35202132110383844,0.4015167070483074
2018-10-26,0.39874493171363357,0.4092868822342959,0.43923636538241706,0.4241652082539671,0.34774335705438153,0.34985558430180824
2018-10-29,0.4129177889925184,0.413735648081758,0.4227122714622059,0.4052567518271233,0.33144119777111813,0.31008993470494023
2018-10-30,0.38936683338148104,0.4144307047681759,0.4337722319761951,0.4377765712937829,0.35947866889748303,0.2853270912898854
2018-10-31,0.43259056745978586,0.4352843145657068,0.4719552687425451,0.4424031128583019,0.36346745547745263,0.25920906738942956
2018-11-01,0.43089835022806944,0.4610733253514421,0.4782093634523158,0.4814267939064498,0.3971123228028297,0.20904001204604877
2018-11-02,0.47109012337111444,0.4783818596674929,0.49960501934822565,0.4719055514355144,0.3889034076673006,0.437285258647831
2018-11-05,0.46100686279731207,0.4649659822096035,0.502501678065053,0.4785436461557169,0.39462676893289017,0.2921714371757491
2018-11-06,0.46199402538003054,0.4854720106304533,0.5077682206925261,0.506906228484139,0.41907981180526344,0.18010211764061707
2018-11-07,0.5123396398766342,0.5027805449465039,0.5371296880597108,0.5258816991684963,0.4354398065824243,0.21324244041996904
2018-11-08,0.5137498567672818,0.5061170928153647,0.5495720808549102,0.5227302897640222,0.43272281271063395,0.13628461527931773
2018-11-09,0.5020448521488672,0.5015292732038412,0.5427913117918198,0.5223279995952543,0.4323759957997708,0.1264561345872175
2018-11-12,0.5133268024593527,0.5041012905377253,0.5269255859264738,0.49892713243076203,0.4122007209243328,0.11298646188383775
2018-11-13,0.4907629018383819,0.49304879673415636,0.5194206521841768,0.4926914301911711,0.4068244706483888,0.13373851860977648
2018-11-14,0.4885065763318759,0.4829000993635135,0.5160632161912334,0.4910821672042558,0.4054369089261538,0.20108688212667514
2018-11-15,0.46425045847918867,0.4833866284373114,0.506583278737203,0.5078449396485456,0.41988921464104556,0.12118598825510245
2018-11-16,0.48780141409022604,0.499861052302883,0.5288347930138652,0.5126726262974484,0.4240514096764467,0.17295662053577537
2018-11-19,0.5006346352582196,0.48769644658765654,0.5131007608500643,0.48799787436913866,0.40277755449573927,0.09107086635730223
2018-11-20,0.4539556707514216,0.4482831367983564,0.49117843060083477,0.46479815228903054,0.3827757861019936,0.16774122897074728
2018-11-21,0.4571992664332982,0.45620750427874057,0.49841997694004114,0.4703634050179559,0.3875739755177454,0.1083596840649939
2018-11-22,,,,,,
2018-11-23,0.4500070204205473,0.4619770157174241,0.49203418852872527,0.48048808274204324,0.3963029199670476,0.01722037424883304
2018-11-26,0.4749683005148846,0.4698318032823052,0.5062540947097706,0.4900764417823358,0.40456986664899586,0.143553310610105
2018-11-27,0.4681286356229588,0.4620464895659826,0.5000000000000001,0.4830360568933654,0.3984998845250647,0.16472971678096726
2018-11-28,0.47369902999844515,0.4915196295972595,0.5167214837932367,0.5057663722353485,0.4180970985403105,0.17362736643259002
2018-11-29,0.49005784718938394,0.48825255557695746,0.5285714056107745,0.5067050833997551,0.41890640334983176,0.20556308433603
2018-11-30,0.4949231869158728,0.5007646366019205,0.5385122207937826,0.5249429880040899,0.43463069782542463,0.18147098681778984
2018-12-03,0.5281342412001313,0.5176561156927317,0.5282422215833421,0.5026820794002316,0.41543794016241775,0.1475504086074494
2018-12-04,0.481243857132021,0.47163918401426885,0.476761034093902,0.4464261168578252,0.36693582063860575,0.1970076519787004
2018-12-05,,,,,,
2018-12-06,0.41411647872920154,0.40956488369547417,0.4262672982338981,0.4319431592229599,0.35444923553240226,0.2957168083446265
2018-12-07,0.4116485184760792,0.42075632519616013,0.43554974536204105,0.4075365666365478,0.33340662430102375,0.1995537486482417
2018-12-10,0.4021294737697183,0.42124296033690256,0.44766295412980794,0.4398551387069798,0.36127078499821796,0.26450659110508806
2018-12-11,0.4399943406265012,0.4496037763226335,0.4630020056418346,0.4403245454451048,0.3616754374029786,0.2833969857500719
2018-12-12,0.43985328665964074,0.4334770399006873,0.46379196694538327,0.4332841605561344,0.3556056513315692,0.39886110084459225
2018-12-13,0.42307152275342497,0.4183929415418399,0.4605003275767817,0.431876042653603,0.35439149806476555,0.33390825838774585
2018-12-14,0.40283452841871603,0.40601980821399386,0.44759705705260455,0.41819766535627356,0.34259844875402745,0.21584329185659723
2018-12-17,0.39789871550512323,0.3881551649086423,0.4076366073532701,0.38118543515196546,0.31068766598296627,0.2873530176721011
2018-12-18,0.3705401635300718,0.37188937472263484,0.40335751635523265,0.37689416949870114,0.3069878608199623,0.18719285997837187
2018-12-19,0.35002116885429424,0.35298209335418473,0.3726794133311796,0.35128070640598485,0.2849047988559944,0.24192024968173792
2018-12-20,0.32336767152824053,0.3205894606792865,0.3453587463000699,0.32191229634379925,0.25958432160141975,0.2975100269667228
2018-12-21,0.27845150503291527,0.29188106331687447,0.32402898748136344,0.29428728009539973,0.2357669790306144,0.5512299289556897
2018-12-24,0.258073564323998,0.2549700848790115,0.29486501044006597,0.27899963981115483,0.22258676010268452,0.171218156680766
2018-12-25,,,,,,
2018-12-26,0.25236211598165115,0.27290420203292154,0.28518758266014854,0.3055518140682776,0.24547883279739113,0.25448646872818365
2018-12-27,0.2692850414473793,0.29313222899259306,0.31652405373906645,0.32533186509017065,0.2625324613962783,0.19149110919469425
2018-12-28,0.3090537602824952,0.30835538111550176,0.3536537417987772,0.3266729687351888,0.2636888771954452,0.15527083076670362
2018-12-31,0.31201524803065084,0.30731274305240297,0.36102698183952897,0.33934562061059803,0.2746147862027646,0.12344462239743749
2019-01-01,,,,,,
2019-01-02,0.30432947452286685,0.309050543868864,0.3506912864576083,0.3396807942100091,0.274903963672252,0.130699629036453
2019-01-03,0.3091242334695994,0.3039760891165981,0.3416063296553523,0.3135979243791678,0.2524159552247409,0.15257415848767336
2019-01-04,0.3045410016768315,0.3116224551358038,0.3526661897164799,0.34310046526822413,0.2778521034671104,0.20787647324545194
2019-01-07,0.32061771093404934,0.32441264368888945,0.36458190815835956,0.34900089159656034,0.2829393723260887,0.09937990226274075
2019-01-08,0.33232260795981183,0.32615044450535047,0.3699802449402395,0.34906800816591743,0.28299730584624705,0.140842949639303
2019-01-09,0.3321110808058474,0.3372028322419751,0.3858459708055858,0.36408738679642116,0.29594628082484786,0.159117353154559
2019-01-10,0.33923285363149414,0.3444321430359414,0.38722840308679596,0.37434619534737923,0.30479109231446677,0.1109057807345352
2019-01-11,0.34635451886448854,0.35346872849492694,0.3973008115184876,0.38359927847641706,0.3127689595531885,0.12563481308091384
2019-01-14,0.35354676487723946,0.36104551459863,0.40612248137051454,0.38842696512532005,0.31693115458858967,0.14326584808289872
2019-01-15,0.3715273261127905,0.3641735348548707,0.40710993299995046,0.37910686773876856,0.3088956479084921,0.21702051934896582
2019-01-16,0.3570017801204284,0.35923813386666614,0.40908493671168367,0.38219126288572913,0.311554806286385,0.10532079449167044
2019-01-17,0.3514313857449418,0.37418328452839655,0.4028966386262548,0.3964060611786968,0.329287266741611,0.08966093110481431
2019-01-18,0.386687345974394,0.3971222765190696,0.43245559631932673,0.4155826769474382,0.345915363342178,0.18403077217910285
2019-01-21,,,,,,
2019-01-22,0.3912705777671619,0.38780758353196143,0.42797891454254067,0.4064637246452707,0.33800836909004583,0.1336974525344613
2019-01-23,0.3971230800763692,0.3955930033152284,0.4317972282644619,0.4171248233649967,0.3472525395663397,0.12024146852285326
2019-01-24,0.4021294737697183,0.4135965943176967,0.4518762485035036,0.4306021578897854,0.35893864222649796,0.13802307913432715
2019-01-25,0.4265265379966141,0.4163770331972565,0.4624753312885149,0.4332841605561344,0.36126421723874147,0.11918743925643026
2019-01-28,0.4055844890129072,0.4119282673497944,0.4520737388293906,0.43978812444946636,0.36690376605131014,0.131904233912365
2019-01-29,0.4270906462714035,0.43903802372675105,0.4751810110339433,0.465334573284669,0.3890551523190857,0.17142348705734195
2019-01-30,0.4067127055624862,0.40560275298875426,0.4244239882237101,0.4312055931429375,0.3594620044331397,0.5135997152752112
2019-01-31,0.402058892989962,0.41915757814376065,0.4511520838242967,0.4329488846448799,0.36097337332281976,0.25203619290104445
2019-02-01,0.4175716015650426,0.41012099268477487,0.44568795041807474,0.4185999555250417,0.3485317822703431,0.19099831629091207
2019-02-04,0.4034692174732619,0.4282636374513047,0.4520737388293906,0.4560144758981177,0.3809736713226528,0.18388019656961385
2019-02-05,0.44034692174732615,0.4306270211056249,0.47030944905824434,0.4399892695338503,0.3670784488481327,0.17273760146742778
2019-02-06,0.42180225223698575,0.42770752846200377,0.47024355198104095,0.4436099833646059,0.3702177398516353,0.11757217362736642
2019-02-07,0.4227894148197042,0.42152096179808085,0.4601711435493493,0.44917523609353127,0.3750432785941622,0.16657769017015045
2019-02-08,0.428007335667018,0.41894905053114084,0.4657669706571165,0.43931871771134134,0.36649685904255014,0.2647666762487509
2019-02-11,0.4252573750728268,0.4163770331972565,0.46168526953210465,0.43133962165796436,0.3595779694997171,0.11475230312239058
2019-02-12,0.4193343995765153,0.4183929415418399,0.46629364501043613,0.4436099833646059,0.3702177398516353,0.13442295319836284
2019-02-13,0.43209703996475257,0.426664890398905,0.47702432104413106,0.44843767001350865,0.3744036572421605,0.10022860115258785
2019-02-14,0.42913555221659694,0.4176283049399194,0.4670178096896428,0.43918468919631426,0.3663805998971901,0.07140021628132999
2019-02-15,0.4257509025678601,0.4337550413618656,0.46833444534651114,0.4602387272938686,0.38463642255905794,0.12340355632212228
2019-02-18,,,,,,
2019-02-19,0.44309688234151734,0.43424167650260803,0.48169849314680435,0.45715433214690804,0.3819619720844736,0.07953129919373605
2019-02-20,0.44225077372565913,0.4331294585240062,0.4799209797609584,0.4549416339068406,0.38004340210725096,0.09816160869505701
2019-02-21,0.4373148532194142,0.42617825525816255,0.4630678022661764,0.4360332797918405,0.3636480198499258,0.09012634662505305
2019-02-22,0.42314199594052915,0.4151258675215379,0.4679394646947369,0.44213485120456086,0.3689386932001535,0.1460583412043311
2019-02-25,0.4363276906366955,0.42652583663484367,0.47682683071824405,0.4461579575159278,0.37242695769225787,0.08630720162074111
2019-02-26,0.42765475454619306,0.4173501974117968,0.4565503201533151,0.42510391941837344,0.35417103700412933,0.15094520416683777
2019-02-27,0.40361016384747006,0.3961491123045291,0.44555625671652954,0.4206785229382386,0.35033409310220576,0.1633608476037945
2019-02-28,0.4021999469568225,0.4030307356548699,0.4499012447917702,0.42657905157841847,0.3554503777343936,0.19413302670663762
2019-03-01,0.41489211415795557,0.403378317031551,0.44779464783135337,0.4202762327694707,0.34998492356108235,0.10782582508589654
2019-03-04,0.4106613558933605,0.3989990250326474,0.4339039256777405,0.4033123152407967,0.3352758870690423,0.1896020697301959
2019-03-05,0.3849245479629213,0.38495767080384313,0.4358130323122701,0.4118948465473258,0.34271774671347355,0.2075068785676153
2019-03-06,0.39289242940442626,0.38808569106008384,0.43344304794876265,0.40143489291198375,0.33364796495521964,0.10393823662272596
2019-03-07,0.3809053168522909,0.3721673761838131,0.41724813805598393,0.4005631960050908,0.332892084457858,0.12277387650062284
2019-03-08,0.37385412480640046,0.37063820904691624,0.41849897708851047,0.39922219467191633,0.33172929695173625,0.13725651239511039
2019-03-11,0.37343107049847135,0.3952454219385473,0.42218559710888626,0.42181837918702914,0.35132239386402664,0.15362818775409637
2019-03-12,0.404738380397049,0.3999027153986292,0.4473337701023755,0.41685666402309907,0.3470201193018806,0.15483279263000838
2019-03-13,0.4038216910014347,0.41776735870398074,0.4508228997968643,0.43663671504499235,0.36417118600404574,0.12638769112835885
2019-03-14,0.4175010207852865,0.4081051904071358,0.45411453916546585,0.4223548001826676,0.35178752847172756,0.12866001396246562
2019-03-15,0.4053024886718386,0.40289178795775316,0.44838711880901483,0.4236958015158421,0.35295021795158843,0.49973307051045135
2019-03-18,0.4062191780674531,0.4100515188362164,0.45503619417055974,0.43630143913373787,0.3638805381406458,0.19128577881811837
2019-03-19,0.42546890222679123,0.420408743819479,0.4595786725716876,0.42993160606727643,0.35835744452595875,0.13598346406033973
2019-03-20,0.41270626183855397,0.40296126180631164,0.4464121150972816,0.4149792416942861,0.3453922952143188,0.07527411605272884
2019-03-21,0.3962064982734068,0.3987210235714691,0.4452270726890969,0.4239640631695831,0.3531829322948301,0.052153915650281296
2019-03-22,0.40361016384747006,0.39302098598134405,0.42896646662483817,0.39727775808558996,0.33004324526523365,0.06777271296182225
2019-03-25,0.38161047909394075,0.3768247757108394,0.4271230561617886,0.40244061833390377,0.33452010459794146,0.07290597237622
2019-03-26,0.3931744297454949,0.3857917812543221,0.4303488989060483,0.4043180406627167,0.336148026711764,0.08001040340574651
2019-03-27,0.38873214432693537,0.38634789024362304,0.42857138552020213,0.40203832816513585,0.3341713271618614,0.05348171875213886
2019-03-28,0.3880270896779374,0.3837063990611802,0.4312705539111422,0.41008443847602627,0.34114775811980935,0.0736040956565781
2019-03-29,0.3998730406705604,0.39225634937942355,0.4473337701023755,0.4202762327694707,0.34998492356108235,0.13857062680519622
2019-04-01,0.40960372012353785,0.415473448898219,0.4574719751584092,0.4405927047870024,0.367601418949731,0.10043393152916376
2019-04-02,0.42137919792905665,0.41151121212455477,0.4540487425411238,0.42470162924960553,0.35382274969935346,0.14323847069935525
2019-04-03,0.4120716803766602,0.40038935053937164,0.4358130323122701,0.4100174242185126,0.3410897265733902,0.159267928764048
2019-04-04,0.39373853802028447,0.3987904974200276,0.44285718877845104,0.41953866668944806,0.349345694314124,0.10139213995318468
2019-04-05,0.4026230012647516,0.40407347978491326,0.447926241080037,0.4326136087336254,0.36068252940689804,0.1257990773821746
2019-04-08,0.41150757210187083,0.4138051219303165,0.457867056263045,0.44052569052948876,0.3675434854295727,0.11476599181416232
2019-04-09,0.4160908038946387,0.4071320261925955,0.4510203901227513,0.41953866668944806,0.349345694314124,0.09796996701025283
2019-04-10,0.40234100092368297,0.3950368943259275,0.4414746560443793,0.42087966802262256,0.3505082857677241,0.0828576512942658
2019-04-11,0.3993089323957708,0.40768802911495183,0.44660960542316863,0.4346921761468223,0.36852384606426525,0.12195255499431919
2019-04-12,0.42666759196347437,0.4343807302666691,0.4707044297100188,0.45816005756882805,0.38899623853631904,0.15503812300658426
2019-04-15,0.4386545969229576,0.429236801665845,0.4670836063139848,0.4385141373738053,0.37185791524806344,0.17522894336988215
2019-04-16,0.42687911911743903,0.4290977479017837,0.47498352070805605,0.4501810638272947,0.38203568783262765,0.08354208588285218
2019-04-17,0.44309688234151734,0.44126235361700994,0.48531931654283833,0.45547805490247906,0.3866567437950357,0.09130357411742161
2019-04-18,0.4423917200998675,0.4448770090139931,0.4868992391499357,0.4710339568404649,0.40022651908355655,0.1405691758038684
2019-04-19,,,,,,
2019-04-22,0.44923138499179327,0.4508550480652964,0.49190259528004143,0.47224082734676887,0.40127951717753385,0.1568039642451371
2019-04-23,0.47595546309760306,0.48748791897503696,0.5151415611861393,0.5080460847329296,0.4325140167750381,0.2226739490506892
2019-04-24,0.5707939745962989,0.5568608978694121,0.5246214986401697,0.4970497101019491,0.42292136294144655,0.37860183702243577
2019-04-25,0.47651957137239265,0.4672598920153652,0.4961816862780789,0.47123510192484885,0.4004020841167266,0.20227779831081544
2019-04-26,0.4581864290160167,0.4528708503429355,0.49769581226083426,0.47921419797822584,0.4073627328466787,0.07267326461610064
2019-04-29,0.46425045847918867,0.4632281813931427,0.5072416467920681,0.48685801812034835,0.41403087121427484,0.07166030142499281
2019-04-30,0.47517982766884903,0.4655915650474627,0.5014483293584137,0.4835724778890038,0.4111645833472204,0.12207575322026475
2019-05-01,0.4721477591409371,0.4652439836707818,0.4990125483705642,0.46794956169350455,0.39753589427593305,0.12356782062338302
2019-05-02,0.44880833068386417,0.44035876931797246,0.4756418887629209,0.4557463165562201,0.386890438400886,0.23477475257689623
2019-05-03,0.44478920716588566,0.44341720965871056,0.4906517562475151,0.469961114849188,0.3992907603975475,0.14140418600194382
2019-05-06,0.4332252565143315,0.43591000347051034,0.4743910497303946,0.46104330763140466,0.39151139633703314,0.0918100557129755
2019-05-07,0.43181493203103183,0.42388434545240083,0.4568137075564057,0.4283223430803609,0.3629674235208916,0.17703585068375016
2019-05-08,0.41052040951915214,0.40136251475391194,0.4433179660545673,0.4136381380492682,0.3501574497801664,0.2327214488111371
2019-05-09,0.3907770502721286,0.4181844139292201,0.438577997327552,0.4388494132850598,0.37215042561041933,0.23493901687815694
2019-05-10,0.4130588429593789,0.4208257990447186,0.4538512522152368,0.4457556673471599,0.3781751196018408,0.12770180553844468
2019-05-13,0.4116485184760792,0.40330884318299254,0.4360763192624991,0.41162668720542817,0.34840297576359525,0.19726773712236323
2019-05-14,0.3940205383613531,0.3990686049481502,0.44285718877845104,0.4149792416942861,0.3513274912295905,0.07207096217814464
2019-05-15,0.3868283999412543,0.39086612993964365,0.42857138552020213,0.40981627913412866,0.3468233805963683,0.0638029923480213
2019-05-16,0.39606544430654655,0.3992075526452672,0.44470049878863904,0.42409819399645365,0.3592822242707533,0.04281822786196324
2019-05-17,0.3927513754375658,0.38516619841646293,0.43153394131423284,0.4007643410894748,0.338927071206668,0.09263137721927915
2019-05-20,0.3945141734490385,0.3993466064093285,0.44002632668596575,0.4203432470269841,0.35600667676467856,0.142047554515215
2019-05-21,0.4092511390027129,0.4102600464488362,0.45615533950154086,0.43482630697369284,0.36864088941971196,0.11784594746280098
2019-05-22,0.4120010995969041,0.40462958877421396,0.44687289237339767,0.4202762327694707,0.35594795903443355,0.08456873776573172
2019-05-23,0.39211679397567223,0.3840539804378613,0.40908493671168367,0.3820571320588586,0.32260775732775715,0.21384474285792504
2019-05-24,0.36489918837482915,0.3602114041481508,0.4009875319917252,0.3850744106364621,0.3252398604576572,0.16244370525508878
2019-05-27,,,,,,
2019-05-28,0.36750809500215986,0.3645211162315518,0.4115866147767365,0.38259355305449705,0.32307573469702244,0.31322464512066583
2019-05-29,0.3623607549346024,0.35416378518134484,0.4036208033054617,0.3735416150098432,0.31517932728106135,0.12083008226903756
2019-05-30,0.3546749814268184,0.3520784029882027,0.4019091869968191,0.37300519401420473,0.31471125188553517,0.07090742337754781
2019-05-31,0.34043154336817705,0.33768946738271755,0.39275843357022133,0.3635510681126264,0.30646420453453804,0.1348199252597429
2019-06-03,0.3469891003263823,0.3648686976082327,0.3981566698992397,0.379173881996282,0.32009250150078206,0.16342929106265314
2019-06-04,0.3674376218150557,0.3816905967835411,0.41948652917080775,0.4102185693028968,0.34717460868896943,0.09760037233241618
2019-06-05,0.39606544430654655,0.4099124650721553,0.44555625671652954,0.4381118472050374,0.37150698123424486,0.12733221086060803
2019-06-06,0.42144967111616083,0.4142917570710589,0.45510199079490155,0.43838000654693476,0.3717408718926165,0.0740010677179582
2019-06-07,0.4300521340195591,0.426664890398905,0.4735351913496425,0.4517232102448532,0.3833809022101786,0.08925027035166248
2019-06-10,0.44873785749676,0.44098435215583187,0.4780776697507704,0.4478342347603568,0.37998840937491796,0.10029704461144649
2019-06-11,0.4363276906366955,0.4270819456241446,0.44753126042826274,0.42329351134707394,0.358580454269377,0.07289228368444828
2019-06-12,0.40727681383727576,0.3992075526452672,0.44851871205769844,0.42537207876027106,0.3603935479899324,0.036151834969132005
2019-06-13,0.4089691386616441,0.4097039374595355,0.4535878648121462,0.4381118472050374,0.37150698123424486,0.11041298783075303
2019-06-14,0.42370610421531874,0.4118587935012359,0.45806454658893225,0.43348530564051835,0.36747133810159216,0.05516542784006133
2019-06-17,0.4197574538844444,0.4131099591769545,0.45971036627323303,0.43703900521376027,0.3705714186007576,0.08262494353414644
2019-06-18,0.4260330105015808,0.430070912116324,0.4728110266704356,0.44917523609353127,0.38115815674555953,0.07342614266354565
2019-06-19,0.43766743434023914,0.42735994708532266,0.47399606907862035,0.44937638117791523,0.3813337217787296,0.028787318795942665
2019-06-20,0.44901985783782883,0.45467823107489935,0.486109277846387,0.47847663189820344,0.40671948452302575,0.1293033824757368
2019-06-21,0.46516714787480296,0.45412212208559843,0.4953917249745302,0.47492283001311786,0.40361920797133877,0.20942329541565713
2019-06-24,0.4551544680807569,0.453844014557476,0.49888085466901877,0.47753792073379686,0.4059003770874203,0.08964724241304257
2019-06-25,0.46474409356687385,0.45745866995445916,0.5039500074234665,0.47633094791564945,0.4048473789934428,0.06051770632280673
2019-06-26,0.4589620644447707,0.4639928179950632,0.5024357809878494,0.4847793483953078,0.41221728736241525,0.13862538157228316
2019-06-27,0.47109012337111444,0.4585708879330608,0.5013166356568682,0.4768673689112879,0.405315454388969,0.0883057506194133
2019-06-28,0.46509656709504665,0.4801891343325122,0.5106648794093532,0.5043583566446606,0.4292971869992084,0.29148700258716276
2019-07-01,0.5018333249949027,0.4959683954447216,0.5331138840119024,0.5091859409817199,0.43350849319129203,0.11223358383639274
2019-07-02,0.5012692167201132,0.49089394069245595,0.5367347074079364,0.5160922973556634,0.4395331871827135,0.08306298167084171
2019-07-03,0.4979551478511326,0.4858195920071344,0.5292955702899812,0.5099235070617425,0.44012134474777254,0.02904740393960549
2019-07-04,,,,,,
2019-07-05,0.49104500977210264,0.482969573212072,0.5248189889660567,0.5074426494797775,0.43794496570453245,0.02195666160185071
2019-07-08,0.48695530547436783,0.4860975934683127,0.526859789302132,0.5020115275777226,0.4331806933750324,0.0686487892352128
2019-07-09,0.479340005153688,0.47254276831330655,0.5172481581465563,0.49772026192445806,0.4294162889061328,0.14474422679424526
2019-07-10,0.4949231869158728,0.49256226766035827,0.533377271414993,0.5091859409817199,0.43947417537368594,0.07738217458557485
2019-07-11,0.4961923498396601,0.4909635206079588,0.5386438140424662,0.5162934424400474,0.445709233720877,0.052906793697726315
2019-07-12,0.5105062610854054,0.507090257029905,0.5473995868172897,0.5313128210705511,0.45888455133576467,0.06927846905671226
2019-07-15,0.519531778296733,0.5132768236938279,0.5589203246073952,0.5350676657281772,0.46217833172635614,0.12236321574747101
2019-07-16,0.5270766054303087,0.5177255895412902,0.5662277680238049,0.5383532059595215,0.4650604998476673,0.10359601932843278
2019-07-17,0.518756142867979,0.507785419783267,0.5456220734314435,0.5159581665287929,0.4454150569120865,0.2653416013031634
2019-07-18,0.5033845958524108,0.49040741161865786,0.5269255859264738,0.5134772066349844,0.4432387758951073,0.12351306585629611
2019-07-19,0.5073332461832851,0.4995829447747604,0.5470704027898573,0.5179697196844764,0.4471796276335245,0.08466455860813381
2019-07-22,0.505358921017848,0.5005561089893007,0.5435812730953685,0.5231325799327904,0.45170853891074003,0.05218129303382475
2019-07-23,0.5200254133844182,0.5074378384065859,0.5469388095411735,0.5321845179774443,0.4596492541966024,0.1135066321711634
2019-07-24,0.5205189408794515,0.5321841050622782,0.5562870532936585,0.5433820376928085,0.4694718776381317,0.1432932254664422
2019-07-25,0.5304611474863934,0.5282914482041168,0.5592495086348276,0.5431808926084245,0.4692954303686141,0.10744254171628818
2019-07-26,0.5296855120576394,0.5345474887165984,0.5654378067202562,0.5573956909013924,0.4817650569316918,0.1948995934458544
2019-07-29,0.5468904378644364,0.5363548694485623,0.5806451645307374,0.5580662427239014,0.4823533125230117,0.08250174530820088
2019-07-30,0.5427302603795976,0.5314890483758605,0.5721527791590045,0.5533055703325118,0.47817709973231004,0.08460980384104692
2019-07-31,0.5420250981379477,0.5328792678156404,0.5546412336093577,0.5319833728930603,0.4594726108745628,0.11854407074315908
2019-08-01,0.5177689802852603,0.5125817670074102,0.5392363854729892,0.5151534838794134,0.4447090717814941,0.13028896828330117
2019-08-02,0.5019037981820069,0.49061593923127766,0.5305464093225077,0.5053640820665806,0.43612167725284934,0.08491095506002493
2019-08-05,0.4781413154170049,0.46566114496296573,0.4903225722200827,0.47049753584482645,0.40553591544960543,0.119954005995647
2019-08-06,0.466718418732311,0.47080496749684553,0.5017775133858461,0.4966474199331812,0.42847523680203836,0.07734110851025967
2019-08-07,0.4667888919194152,0.4762964774743508,0.506649075361545,0.4978543927513286,0.4295340184454055,0.09334318919140898
2019-08-08,0.4971090392352744,0.5011817978941044,0.5366689107835946,0.5201153013551869,0.44906192789423516,0.06258469878033757
2019-08-09,0.5017628518077986,0.5013903255067242,0.541145492107519,0.5196459969289053,0.4486500215461722,0.05450837063501841
2019-08-12,0.5008461624121843,0.48936466748861474,0.527123076252361,0.5012069472401866,0.43247490429696156,0.03446812588120954
2019-08-13,0.48646167038668264,0.4977756701097411,0.527320566578248,0.5130079022087028,0.44282716362582675,0.06571940919606313
2019-08-14,0.4921732263216816,0.4817878813849119,0.5210664718684775,0.49772026192445806,0.4294162889061328,0.16893214515488753
2019-08-15,0.48420534488017664,0.4856110643945146,0.5242923146127371,0.5070403593110095,0.4375921691917579,0.12037835544057056
2019-08-16,0.5043717584351293,0.5101488034375872,0.5450954995309857,0.5213222741733343,0.45012051348508075,0.15461377356166073
2019-08-19,0.5243971180232216,0.5214792987023344,0.5618827799485641,0.543046761781554,0.4691778968818632,0.05979220565890518
2019-08-20,0.5258073349138694,0.5203670807237328,0.5631336189810906,0.5402306282883347,0.46670743905609346,0.08491095506002493
2019-08-21,0.5418135709839831,0.5285694496652951,0.5669519327030118,0.5490143046792475,0.4744124992108887,0.09464361490972308
2019-08-22,0.5422366252919122,0.5304463042458174,0.563199516058294,0.5427786024396566,0.4689424378033178,0.04279085047841978
2019-08-23,0.5260188620678339,0.5301683027846391,0.5393021820973313,0.5159581665287929,0.4454150569120865,0.17750126620398887
2019-08-26,0.5152305468450338,0.5054220361289468,0.5375246687114851,0.5233337250171743,0.45188508420651874,0.042530765334756956
2019-08-27,0.5158652358995794,0.5049354009882046,0.5400263467765379,0.5146841794531318,0.44429745951221356,0.04138091522593186
2019-08-28,0.4980256210382368,0.5047963472241432,0.537063891435369,0.5286308184042023,0.4565316269967459,0.02904740393960549
2019-08-29,0.5266535511223795,0.5341304334913588,0.565503603344598,0.55565239939945,0.48023565121001655,0.134012292445211
2019-08-30,0.5523903590528187,0.5506743312054889,0.5888742629522413,0.5677216160217073,0.49082327159116623,0.1133560565616744
2019-09-02,,,,,,
2019-09-03,0.5491467633709424,0.5409426890600857,0.5702435720716134,0.5543784123237889,0.47911834788892604,0.06907313868013634
2019-09-04,0.5560570090426245,0.5499096946035684,0.5899934082832224,0.5639667713640812,0.487529295148053,0.08786771248271803
2019-09-05,0.5661401620237747,0.5605450271149537,0.5999341230133689,0.5744267249994233,0.4967049452680177,0.06806017548902851
2019-09-06,0.5706529206294384,0.5613791375654327,0.6023041073768763,0.577108727665772,0.4990575755282538,0.05168850013004257
2019-09-09,0.5688901226179659,0.5560962612674916,0.5726135564351208,0.5462652877553851,0.47200095516788565,0.1767073220812287
2019-09-10,0.5326469998057952,0.5204365545722913,0.5585911405799625,0.5449241841103671,0.4708245420115067,0.10622424814860444
2019-09-11,0.5337752163553742,0.5256499570216742,0.5648453357425948,0.549818987328627,0.47511858236774196,0.07051045131616772
2019-09-12,0.5488647630298735,0.5352426514699604,0.5699802851213843,0.5552501092306819,0.4798827566709811,0.09872284505769784
2019-09-13,0.5499223987996964,0.5368413985223601,0.58235678083938,0.5589379396307943,0.48311801538384924,0.10173435724747786
2019-09-16,0.554787738526185,0.546851148195886,0.578011893217001,0.5657100628660239,0.4890584067909458,0.1683024653333881
2019-09-17,0.567056851419389,0.5531767686238704,0.585977604235414,0.5679897753636047,0.49105843659092896,0.12202099845317783
2019-09-18,0.5563390093836931,0.5426109099610437,0.5750493374229703,0.5612176521283754,0.4851175550525284,0.12141869601522183
2019-09-19,0.5428007335667018,0.5365633970611818,0.569190223364974,0.546667577924153,0.47235394773318196,0.13382065076040683
2019-09-20,0.5395571378848252,0.5282914482041168,0.5630020257324068,0.5415716296215092,0.46788375418621153,1.0
2019-09-23,0.5224227928577845,0.5252329017964346,0.5563528499180003,0.5376826541370126,0.46447234228260825,0.13643519088880673
2019-09-24,0.5345508517841282,0.527248810141018,0.552073758919963,0.5236690009284288,0.45217896693652637,0.20485127236390016
2019-09-25,0.5167818177025418,0.5102878572016485,0.5530612105493987,0.5323856630618282,0.4598256034398591,0.19636428346542922
2019-09-26,0.5243266448361175,0.5130682960812083,0.5574061986246396,0.5323856630618282,0.4598256034398591,0.11702462595649733
2019-09-27,0.5263714431886588,0.513624405070509,0.5397629593734473,0.512404466955551,0.44229762576475196,0.11216514037753413
2019-09-30,0.5020448521488672,0.495759867832102,0.5405530211298576,0.5104599280573809,0.44059196882608065,0.11858513681847425
2019-10-01,0.5054293942049521,0.4972890349689987,0.5074391371179551,0.4835054636314904,0.4169468583955769,0.17268284670034084
2019-10-02,0.46100686279731207,0.4536354869448562,0.48433176446054105,0.4546734745649432,0.3916547107303858,0.12051524235828782
2019-10-03,0.4382315426150285,0.4309746024823058,0.4704410423069282,0.45782488396941723,0.39441934536494583,0.07517829521032675
2019-10-04,0.44309688234151734,0.4441123724120726,0.4818959834726916,0.4696258389379335,0.4047712125887677,0.07987351648802923
2019-10-07,0.45176981843202,0.4532184317196166,0.49591839932784987,0.47002812910670144,0.4051241071278031,0.08304929297907
2019-10-08,0.4476801141342852,0.4551647601486972,0.48894013993887253,0.46868712777352695,0.40394789002394593,0.14456627380121284
2019-10-09,0.46425045847918867,0.45787572517969855,0.4980249962882667,0.4723749581736394,0.4071828546580316,0.08778558033208765
2019-10-10,0.44662247836446256,0.45544286767681985,0.493416721262797,0.469961114849188,0.4110872406274151,0.06506235199102021
2019-10-11,0.4698914336344313,0.47372446014046643,0.512310699093654,0.48967415161356764,0.428480530220124,0.07282384022558964
2019-10-14,0.47595546309760306,0.4647574545969837,0.5151415611861393,0.4862544805553528,0.4254631838851102,0.03695946778366392
2019-10-15,0.4725708134488662,0.4631587075445842,0.5121132087677668,0.4817620698177043,0.42149949202791626,0.06797804333839814
2019-10-16,0.46742347338130874,0.46037816259808007,0.5046741721026732,0.4806892278264274,0.4205529504532146,0.06121582960316482
2019-10-17,0.4650260939079427,0.45572086913799814,0.5005266743533195,0.47043041927546936,0.41150140157947757,0.06348815243727157
2019-10-18,0.45755184755412315,0.4452245903906742,0.48347600653265055,0.4548075030799701,0.39771724285849297,0.10248723529492286
2019-10-21,0.44521226147381476,0.4443209000246924,0.4878208941550296,0.46164674288455654,0.4037515434234771,0.08489726636825319
2019-10-22,0.44535331544067525,0.4661476740367636,0.49223177930747386,0.4913504288579966,0.4299595504437257,0.1270447483334018
2019-10-23,0.46206460615978684,0.4498818838507561,0.47300851699632285,0.4489740910091473,0.3925705700854436,0.22819049183469536
2019-10-24,0.4500070204205473,0.4501598853119344,0.487689300906346,0.45641676606688564,0.3991370552205453,0.2905561715466853
2019-10-25,0.44478920716588566,0.4430697343489738,0.4791968150817515,0.4488399601822768,0.39245215436234515,0.21519992334332605
2019-10-28,0.43802001546106406,0.43771727813552985,0.4833443128311051,0.45816005756882805,0.40067538133195746,0.16355248928859867
2019-10-29,0.4435905174292025,0.4534269593322364,0.4895984075408758,0.46553571836905294,0.4071827566317707,0.2067540005201703
2019-10-30,0.4532506161024239,0.45662455950397995,0.49670836063139856,0.4803540542270164,0.4202571071979899,0.12742803170301015
2019-10-31,0.4626991876216806,0.45349653924773925,0.493614211588684,0.4706986809292104,0.4117380369731529,0.14277305517911654
2019-11-01,0.4644619856331531,0.4670513644027454,0.5100724084316918,0.49034460112423317,0.4290719226517907,0.10929051510547137
2019-11-04,0.4866731975406471,0.4758794222491114,0.5030941490427144,0.47921419797822584,0.41925135776173894,0.29029608640302246
2019-11-05,0.46375682339150326,0.4635757627698236,0.5039500074234665,0.4874614533735002,0.4265279451303887,0.25722420708252913
2019-11-06,0.47778873429617996,0.4774781693015109,0.5225148012268911,0.5026820794002316,0.43995724878712106,0.13687322902550203
2019-11-07,0.4924552266627502,0.48818297566145463,0.5331138840119024,0.511935060217426,0.44812126789518403,0.13594239798502455
2019-11-08,0.49717951242237857,0.5071598369454078,0.5406188177541994,0.5262169750797507,0.4607222496477916,0.1522593185769236
2019-11-11,0.5083204087660036,0.4995134709262019,0.5392363854729892,0.5213222741733343,0.4564037027263457,0.04892338439215364
2019-11-12,0.506910191875356,0.505004874836763,0.5462804414863086,0.5275579764129252,0.46190532858990796,0.07272801938318756
2019-11-13,0.5157946551198231,0.5079939473958868,0.5499012648823426,0.5238031317552994,0.45859253110471276,0.08529423842963328
2019-11-14,0.5107177882393699,0.5061170928153647,0.5527979235991697,0.5269545411597734,0.4613728499410079,0.05683544823621206
2019-11-15,0.5230573743196782,0.5207841359489724,0.561356206048106,0.5396271930351826,0.4725541173578238,0.10002327077601193
2019-11-18,0.5270060246505524,0.5145280954364908,0.5637919870359555,0.5362746385463246,0.4695961749368809,0.05868342162539526
2019-11-19,0.527217551804517,0.5139024065316873,0.5537195786042638,0.5253452781728578,0.45995303757895534,0.05767045843428743
2019-11-20,0.5118460047889488,0.5018768545805221,0.5450954995309857,0.5211881433464638,0.4562853850295079,0.0556034659767566
2019-11-21,0.506910191875356,0.4996525246902632,0.5414746761349517,0.511935060217426,0.44812126789518403,0.06671868369539923
2019-11-22,0.5017628518077986,0.4905464653827192,0.537261381761256,0.5114657557911444,0.4477074010219042,0.03236006734836351
2019-11-25,0.5009166355992882,0.49158910344581797,0.5393021820973313,0.5099906236310996,0.44640571030416765,0.07197514133574254
2019-11-26,0.4980256210382368,0.49200615867105757,0.5344305196687708,0.505699357977835,0.44261964203162174,0.20899894597073354
2019-11-27,0.49555776837776633,0.48575011815857594,0.5338380486911093,0.5079120562179025,0.4445717369900528,0.2202510506070935
2019-11-28,,,,,,
2019-11-29,0.49732056638923905,0.4844293725673545,0.530941389974282,0.5038219356490221,0.4409631942758938,0.08133820650760408
2019-12-02,0.4926667538167149,0.4814403000082308,0.5082290984215038,0.4786777769825874,0.41877808697438823,0.22200320315387456
2019-12-03,0.4571992664332982,0.4532184317196166,0.49473335691966513,0.4723078416042825,0.4131578493352055,0.36439297496338274
2019-12-04,0.46305176874250553,0.4705964398842257,0.5082290984215038,0.4792812122357393,0.4193104675970274,0.14887821170930693
2019-12-05,0.4713016505250789,0.483664735965434,0.5144831931312744,0.5080460847329296,0.4446900546868904,0.2925136544700423
2019-12-06,0.49950641870864065,0.4917281572098793,0.5360763393530715,0.5159581665287929,0.45167089682657635,0.1537513859800419
2019-12-09,0.4997884190497093,0.49304879673415636,0.5378538527389175,0.513410192377471,0.44942276256039904,0.130549053426964
2019-12-10,0.4997179458626051,0.48860003088669424,0.5246214986401697,0.4953734328575201,0.43350888529633536,0.11909161841402817
2019-12-11,0.4803271677364065,0.46969285558518825,0.5070441564661808,0.48726030828911626,0.4263505175982625,0.17543427374645804
2019-12-12,0.4783528425709693,0.4842903188032932,0.5190256715324023,0.4953064186000067,0.433449677434786,0.12091221441966792
2019-12-13,0.4776476803293195,0.47212571308806695,0.5125740864967446,0.4856510453022007,0.42493060720994924,0.08855214707130439
2019-12-16,0.47426313827323474,0.47191718547544714,0.5154707452135717,0.49611099893754274,0.4341595836158123,0.09720340027103609
2019-12-17,0.4874488329694011,0.4799806067198924,0.5275180569041352,0.49953066999575757,0.43717692995082613,0.07338507658823046
2019-12-18,0.4858976697045452,0.4749062580345711,0.5126398831210864,0.4818291863870614,0.42155889594198737,0.09222071646612733
2019-12-19,0.47200681276672896,0.4653135635862846,0.5113890440885601,0.4831030711508788,0.4226826689962935,0.11505345434136859
2019-12-20,0.46960932570071057,0.46253301863978047,0.5105990827850114,0.48095748948016825,0.42078968387315085,0.22456298851518758
2019-12-23,0.472500340261762,0.47073549364828704,0.5132323540987479,0.49041171769359027,0.4291310324870792,0.1482485318878075
2019-12-24,0.4784938965378298,0.4662867278008249,0.5116524314916507,0.4842430297115128,0.42368851645880534,0.0
2019-12-25,,,,,,
2019-12-26,0.4721477591409371,0.4606562701262027,0.5059908077595415,0.4800187783157619,0.4199613619690261,0.04697959016056835
2019-12-27,0.46700041907337964,0.458362360320441,0.5042132943736956,0.47532522249372944,0.4158201445534453,0.06292691607463075
2019-12-30,0.46100686279731207,0.4509245219138549,0.495194234648643,0.4654015875421824,0.40706434090867205,0.07736848589380313
2019-12-31,0.4500070204205473,0.44397331864801126,0.49223177930747386,0.46768140235160693,0.4090759378074349,0.05542551298372414
2020-01-01,,,,,,
2020-01-02,0.4603722813354185,0.45905741700685865,0.502764965015282,0.4816279389908338,0.4213809782785569,0.15751577621726692
2020-01-03,0.46425045847918867,0.4687195853037036,0.5098749181058045,0.49336187970183665,0.4317338257649872,0.18353797927532067
2020-01-06,0.4892822117606299,0.48644517484499383,0.5296247543174138,0.5061686624041166,0.44303360693116245,0.22389224261837293
2020-01-07,0.4813143303191252,0.4770611140762715,0.52139565589591,0.4922891400224032,0.4307876762953289,0.15512025515721461
2020-01-08,0.4797630594616171,0.4792159701179719,0.520408204266474,0.4953734328575201,0.43350888529633536,0.12388266053413276
2020-01-09,0.48540403461685977,0.48595864577119574,0.5293614673671848,0.502950238742129,0.44019388418079664,0.17250489370730837
2020-01-10,0.48900010382690917,0.4781732259879288,0.5191573652339477,0.48886946896418815,0.42777042798657594,0.0698533941111248
2020-01-13,0.48004516739533787,0.4802586081810707,0.5233047625304398,0.49973181508014153,0.43735435748295237,0.07892899675578005
2020-01-14,0.48540403461685977,0.47636595132290926,0.5208031849182485,0.49865897308886464,0.43640761985572896,0.08165304641835379
2020-01-15,0.4858976697045452,0.48630622714787686,0.5300856320463915,0.502950238742129,0.44019388418079664,0.11680560688814971
2020-01-16,0.48914115779376965,0.48707086374979736,0.5303489189966205,0.5082472298173135,0.4509624610394627,0.13257497980917965
2020-01-17,0.4979551478511326,0.48741833905953413,0.53278469998447,0.5048276610709421,0.4479280581350622,0.20513873489110646
2020-01-20,,,,,,
2020-01-21,0.48864763029873637,0.49742808873306,0.5284398123620907,0.5142147727150068,0.45625715346638507,0.2400175215254678
2020-01-22,0.5055704481718124,0.504518345762965,0.5433837827694813,0.5129408879511894,0.4551267146263416,0.10092672443294594
2020-01-23,0.49858972931302614,0.5037537091610444,0.5365372170820494,0.5231325799327904,0.4641698332416462,0.11297277319206604
2020-01-24,0.5152305468450338,0.5061170928153647,0.5515470845666434,0.5261499608222373,0.46684702845153403,0.08269338699300509
2020-01-27,0.49499366010297696,0.49165857729437645,0.5335088646636769,0.5093871883779475,0.45197369994632086,0.1110016015769373
2020-01-28,0.5000705269834302,0.498262199183539,0.5280447312574549,0.5164945875244313,0.45827992535888407,0.16597538773219445
2020-01-29,0.5059935024797415,0.4964549245185197,0.5204740008908161,0.5154217455331545,0.4573280903660968,0.23432302574842923
2020-01-30,0.49457060579504786,0.4899903563934185,0.5211981655700227,0.500402264590807,0.4440014202044671,0.20821869053974512
2020-01-31,0.48004516739533787,0.47205623923950846,0.4887425491601237,0.4615797286270431,0.40955460003913213,0.27983792588942275
2020-02-03,0.4583274829828772,0.45613792436323775,0.4913759209267218,0.469491708111063,0.41657484873567685,0.1757491136572078
2020-02-04,0.4729939753494474,0.47031843842304744,0.5164581968430076,0.4890035997910587,0.43388765876823343,0.21369416724843604
2020-02-05,0.48547450780396395,0.4967330320466423,0.5235681499335304,0.5187743000220124,0.4603028933039046,0.13030265697507287
2020-02-06,0.5181920345931894,0.5165438977141301,0.5572745049230944,0.5332573599687211,0.47315354794287967,0.13664052126538268
2020-02-07,0.5191087239888039,0.5234256271314153,0.559841979612489,0.5373474805376017,0.47678248011929414,0.1908203632978796
2020-02-10,0.5242560640563614,0.5246073189585754,0.5581961599281883,0.5340619403062572,0.47386727714807897,0.12573063392331596
2020-02-11,0.527217551804517,0.523981736120716,0.5584595473312789,0.5386884818707762,0.4779724208996694,0.17490041476736068
2020-02-12,0.530249620332429,0.526553647387656,0.5654378067202562,0.550824712750547,0.4887408017058139,0.1542031128085089
2020-02-13,0.5334932160143055,0.5357987604592613,0.5729427404625532,0.5553841377457089,0.4927862474645508,0.16763171943657346
2020-02-14,0.5443520044242098,0.5310718870836766,0.5666227486755792,0.546198171186028,0.48463575598048414,0.14104828001587888
2020-02-17,,,,,,
2020-02-18,0.5288394034417814,0.5264145936235947,0.567083626404557,0.5467345921816664,0.485111575450617,0.11204194215158857
2020-02-19,0.5363841229827049,0.5261365921624164,0.5647136420410496,0.5360734934619407,0.47565213930551153,0.11906424103048473
2020-02-20,0.5211536299339972,0.5168220052422525,0.5522053521686466,0.5320503871505737,0.4720824149906464,0.12682572926505414
2020-02-21,0.5129742213385278,0.5203670807237328,0.5468071158396283,0.5431138783509111,0.4818991568565252,0.1499596183592734
2020-02-24,0.5002820541373947,0.505004874836763,0.5367347074079364,0.5230655656752767,0.4641102332750535,0.21032674907259113
2020-02-25,0.5132562216795966,0.5049354009882046,0.47873603780563545,0.4513879343335987,0.4005115794500884,0.336563864591461
2020-02-26,0.44485968035298984,0.44376479103539146,0.4652402963037968,0.4354968587962018,0.3864114820904061,0.3307187932049334
2020-02-27,0.402058892989962,0.4149173399089181,0.42778142421665344,0.39922219467191633,0.3542255396051581,0.34053358520526195
2020-02-28,0.34141870595089574,0.3523565105163253,0.3615536561928486,0.3559742622280173,0.31585208150922806,0.4799255335167618
2020-03-02,0.34127765198403526,0.3630613168762691,0.3755760720480069,0.391779519614178,0.34762170646467516,0.261700409291884
2020-03-03,0.3718093264538591,0.397539331744309,0.3961816661875065,0.36509321453018484,0.3239433651317454,0.2870244890695796
2020-03-04,0.3615851195058484,0.394272257724007,0.39934171230742443,0.41357112379175476,0.36695719036346963,0.3248600331266341
2020-03-05,0.3701875824092469,0.3818295444806581,0.40217247394704814,0.3805819998988136,0.33768635282317594,0.36001259359643
2020-03-06,0.33274576986039306,0.35583211214924715,0.37235022930374717,0.37836930165874616,0.33572298484474805,0.2132561291117408
2020-03-09,0.28120146562710646,0.3066870541475992,0.30309410886156973,0.2911358706909257,0.25832164533549884,0.39975086580975455
2020-03-10,0.3021435146108131,0.2963993030128951,0.32297563877472424,0.3265388379083183,0.2897340625964334,0.3128413617510574
2020-03-11,0.27125936661281647,0.28708471609273123,0.3067149322576037,0.28060880048622683,0.24898111504479614,0.3328952951966381
2020-03-12,0.17966434320334523,0.18392888508367833,0.18420011094014033,0.17185192468272714,0.15248239742434044,0.6563453930707842
2020-03-13,0.1902411312721809,0.1985959282172861,0.20454241812941099,0.22153680676244458,0.19656706152951553,0.5292322012785238
2020-03-16,0.09942179708778964,0.16752404113360952,0.16925609030631894,0.1347726802209056,0.11958228461571951,0.4968995113137037
2020-03-17,0.11288954592135081,0.1316558068257897,0.16359446657420984,0.1675606590294627,0.1486746653481481,0.4114683859663532
2020-03-18,0.07918485654940677,0.0925900253796984,0.09980247953825439,0.09729114559031604,0.08632530720449894,0.3365501758996893
2020-03-19,0.05535184680097449,0.04872794974293615,0.062343607451111116,0.07663939766152983,0.06800125826508419,0.4006269420831451
2020-03-20,0.04251867942930698,0.06144861141399116,0.08380511019779369,0.049550751252846914,0.04396580726390287,0.42009226178254144
2020-03-23,0.0,0.0,0.0,0.0,0.0,0.46582618099188255
2020-03-24,0.0003525273244988636,0.021062137410150616,0.0660302776979178,0.05102588341289194,0.045274653898680906,0.40510314429249994
2020-03-25,0.030602147656927925,0.08834978714485597,0.09196836176852485,0.10325868848800945,0.09162024469707342,0.4091276196733878
2020-03-26,0.08680015687008669,0.15209236139808113,0.15529952130193336,0.1780877292341616,0.1580151956388509,0.34509191956524715
2020-03-27,0.12212659028664297,0.14312524978765395,0.18071098124565166,0.15736896704786185,0.13963179179849572,0.2888177076916759
2020-03-30,0.12579324027644856,0.14917286875446012,0.1746543768617682,0.18103799355425154,0.16063293792153743,0.21344777079654498
2020-03-31,0.14342122039117455,0.14993750535638062,0.20131667583801294,0.17238834567836558,0.15295831492073408,0.18887656906629435
2020-04-01,0.10259481198990994,0.11121925225349827,0.1622119840665689,0.13946628719885978,0.12374688129451128,0.1529985079325969
2020-04-02,0.096883363647563,0.11997773018436131,0.1603028272056083,0.14295292135866655,0.1268404920604611,0.15124635538581577
2020-04-03,0.10633193516681971,0.10836923345843574,0.15898614132230926,0.127933491572241,0.11351401795135319,0.12129549778927627
2020-04-06,0.13721613696114232,0.1493813963670798,0.19585254243179107,0.18164142880740353,0.16116855341078462,0.2805223604780091
2020-04-07,0.1991961752964042,0.1972751826260648,0.22139559562419298,0.18640199888694942,0.16539235795112572,0.33708403487878663
2020-04-08,0.1640106882540563,0.17642157282853388,0.22047394061909908,0.20645031156258375,0.18992617446243387,0.18884919168275088
2020-04-09,0.19877312098847522,0.20478249488120925,0.25055957266549056,0.23072277332212543,0.21164046163310968,0.26724432945943355
2020-04-10,,,,,,
2020-04-13,0.20293329847331398,0.19762265793580147,0.236800544213423,0.2035000472424937,0.1872868664023618,0.14856337179855722
2020-04-14,0.18932444187656639,0.1982483468406051,0.24930873363296413,0.21389298662032208,0.19658441217768485,0.15402515981547643
2020-04-15,0.16245941739654823,0.15987767511440376,0.2057274605375956,0.18244600914493947,0.16845170853891078,0.17626928394453345
2020-04-16,0.15124804786581902,0.14639232380795597,0.19756415874043365,0.17326004258525862,0.16023392202677533,0.1325202250420927
2020-04-17,0.16817086573889517,0.1842068865448565,0.22843975209037382,0.21181441920712518,0.19472505006201146,0.23478844126866794
2020-04-20,0.1821323034564677,0.17517030108587095,0.2281105680629414,0.19210138244274544,0.17708958659188967,0.13019314744089905
2020-04-21,0.14306863927034963,0.1449326305196177,0.19835412004398234,0.16823121085197168,0.155734908759117,0.13779037137420774
2020-04-22,0.15801723957064073,0.15209236139808113,0.21086240991638505,0.17949574482484953,0.16581244949196916,0.18771303026569752
2020-04-23,0.15399800846001022,0.15167530617284153,0.1962475230835653,0.16018510054108126,0.1485368404254026,0.2140637619262727
2020-04-24,0.13566486610363426,0.12943137086858647,0.1850559693208924,0.15220600448770438,0.14139871515019398,0.31894651828124787
2020-04-27,0.12579324027644856,0.15709723623484406,0.1922975156600989,0.1870725507094585,0.17259047529797045,0.459679958386377
2020-04-28,0.18509379120462344,0.1822605581157759,0.2320605754864078,0.2004157544073768,0.1845276232121481,0.22528848917908917
2020-04-29,0.19489494384470507,0.18948976284279773,0.2254113996720013,0.20148849408681024,0.18548739833206362,0.46258196104198324
2020-04-30,0.1535749541520811,0.15480332642908234,0.19065169597579812,0.16105669513613075,0.1493164432778884,0.3371524783376453
2020-05-01,0.11987026478013707,0.11358263590781847,0.17011189846064023,0.1421483410211305,0.1324009336805293,0.21351621425540362
2020-05-04,0.09815258036767627,0.09418882546557017,0.15128371725412504,0.12189888326111231,0.11428563166358019,0.38185974566410685
2020-05-05,0.09758847209288679,0.1138607434359411,0.1643186312534166,0.13249296772332464,0.12376310464068085,0.22809467099229325
2020-05-06,0.10259481198990994,0.09815100920576225,0.13903881478481295,0.10144833157263178,0.09599025540546213,0.20142909942096832
2020-05-07,0.0783386941372225,0.0998192831401925,0.14851875223884314,0.13765587912756028,0.12838185698595916,0.21005297523715655
2020-05-08,0.11733183133991043,0.15695818247078275,0.1859776243259864,0.1927719342652544,0.17768950730824995,0.3551667967092385
2020-05-11,0.1541390624268706,0.16613371562688528,0.21389066188189598,0.18244600914493947,0.16845170853891078,0.400531121240743
2020-05-12,0.15477364388876425,0.15174478002140002,0.20526658280861787,0.1705779376070662,0.15783438620072565,0.5053591228286313
2020-05-13,0.13665202868635284,0.13235086351220737,0.19354835469262532,0.16695722377631073,0.15459520643742386,0.3990801199129399
2020-05-14,0.12579324027644856,0.14813012462441688,0.18801842466206153,0.17641145198973263,0.1630530102492338,0.30473765622219484
2020-05-15,0.1351008654214969,0.14618379619533628,0.1951941743769261,0.1630682482918142,0.15111610740070824,0.36332525700518803
2020-05-18,0.16972213659640323,0.19081050843401914,0.22672813578173123,0.2204639647711676,0.20246314506671081,0.1913952883522922
2020-05-19,0.19715126935121086,0.19136661742331995,0.2337721917950505,0.19840420125169334,0.18272830218124114,0.1497953540580127
2020-05-20,0.1811451408737491,0.17669957428971206,0.23699803453931012,0.20376830889623476,0.1875267856757754,0.13892653279126116
2020-05-21,0.17656180148832912,0.1814264476652968,0.23601048245701273,0.21503284286911262,0.19760417936923635,0.13004257183141005
2020-05-22,0.19136934782175985,0.1828166671050767,0.23732721856674255,0.2143623933584471,0.19700455273165862,0.07702626859950995
2020-05-25,,,,,,
2020-05-26,0.21802284514781345,0.2297372891495213,0.2765635035868703,0.25512936590853763,0.233475125052101,0.17769290788879305
2020-05-27,0.26138763319297875,0.261156757609879,0.3091507132454532,0.2940190184416587,0.2682660173929956,0.21625395260974906
2020-05-28,0.28211815502272075,0.27422494762414273,0.31257404631560004,0.28087706213996777,0.25650913977250855,0.15167070483073936
2020-05-29,0.24735582988095395,0.24211042247736736,0.2847268053840323,0.2697465566821169,0.2465517302223197,0.17652936908819622
2020-06-01,0.2439007070451129,0.2488530981305912,0.30236994418236296,0.27269682100220693,0.24919089124300053,0.0870053249010992
2020-06-02,0.25504160338873816,0.25698599322359494,0.3082290582403592,0.28644231486889327,0.2614879915869942,0.12377315099995893
2020-06-03,0.27661823383433837,0.296955412002196,0.33252137285309635,0.32606943117019327,0.2969387967158851,0.13178103568641947
2020-06-04,0.303624312281217,0.3089114901048027,0.3510203700321791,0.33854093796121854,0.3080959496725335,0.14596252036192903
2020-06-05,0.3681426764640534,0.3624357340384097,0.39743250522003304,0.3729381797566911,0.3388681574239013,0.22564439516515405
2020-06-08,0.36659140560654535,0.384610089427162,0.417840709486507,0.4102185693028968,0.37221953412431374,0.1984038985394166
2020-06-09,0.37258496188261314,0.3666759722732522,0.4045424583105556,0.38138658023634964,0.3464262762136926,0.14619522812204838
2020-06-10,0.35714283408728886,0.34623941770096067,0.37801185303585616,0.34497788759703707,0.3138546003920266,0.11848931597607217
2020-06-11,0.27859255899977553,0.2826359502452691,0.3131007206689196,0.2812793523087358,0.2568689941760638,0.21123020272952514
2020-06-12,0.29029756361819015,0.2827748979423861,0.3084265485662464,0.28563763221951377,0.26076798870110107,0.21054576814093878
2020-06-15,0.23233675639355877,0.2883358817684498,0.2894667741110475,0.31172050205035484,0.28410206180594966,0.13925506139378258
2020-06-16,0.3280919572878689,0.32309189809766803,0.3528636800423669,0.3311653794728371,0.3014977040289186,0.18800049279290376
2020-06-17,0.3131434645802298,0.31871271216570873,0.36668860557163796,0.33827277861932115,0.30785598138598946,0.13034372305038805
2020-06-18,0.3091242334695994,0.3305992103528126,0.36089528813798377,0.3517500108322664,0.31991281936465654,0.1735178568984162
2020-06-19,0.34995058807453794,0.3391491606710557,0.36846611895748416,0.34209463753446046,0.3112753334167211,0.3913323203701422
2020-06-22,0.3072203814912664,0.30328103243018023,0.34660958533259645,0.3164811744417444,0.28836100876080306,0.17951350389443282
2020-06-23,0.29572701161946835,0.2942444469711947,0.34193551368278474,0.309440789552774,0.2820627234753682,0.1007487714399135
2020-06-24,0.2738682732401472,0.2641457241020584,0.29855163046044175,0.267198582530795,0.2442723255789333,0.20390675263165098
2020-06-25,0.23156112096480475,0.23696649387654323,0.283936743627622,0.2706182535890099,0.24733152912732714,0.17358630035727485
2020-06-26,0.24199685506677993,0.23856534699588705,0.2894667741110475,0.264516579864446,0.24187293679227495,0.23978481376534844
2020-06-29,0.25426596795998413,0.2529542826013724,0.30618825790428406,0.28657634338392013,0.2616079757302663,0.09735397588052509
2020-06-30,0.25363138649809036,0.2586543201914975,0.3104015522779796,0.2873810260332996,0.262327586511116,0.1381052112849575
2020-07-01,0.2597658891483665,0.2614347590710573,0.30520080627484825,0.2718251240953139,0.25495542353814427,0.07554788988816338
2020-07-02,0.2642786477540302,0.2631725598875181,0.30618825790428406,0.2728979660865909,0.2559222565488405,0.06020286641205699
2020-07-03,,,,,,
2020-07-06,0.2633619583584159,0.25483113718189454,0.30592497095405513,0.28074293131309735,0.26299249863841523,0.08348733111576527
2020-07-07,0.25271469710247607,0.251633537010151,0.29269251640244554,0.25868306548177955,0.24311110649298506,0.16293649815887096
2020-07-08,0.23522777095461045,0.22806896218161876,0.27985514295547187,0.2501005341752507,0.23537614832863274,0.11702462595649733
2020-07-09,0.2173176829061636,0.2147226646392324,0.2453588266623593,0.21067456295833464,0.19984368732445956,0.1341491793629283
2020-07-10,0.18361299353421956,0.2020019499347051,0.24786040427455058,0.23715972295794385,0.22371327789229423,0.08589654086758929
2020-07-13,0.2168946285982345,0.21847626773333229,0.26859779256845717,0.24285910651373976,0.22884975593421575,0.13306777271296183
2020-07-14,0.21217034283860614,0.21500066610041046,0.2670177695084982,0.24647982034449523,0.23211295213142424,0.08742967434602276
2020-07-15,0.24460586928676298,0.23529827297558503,0.29400925251217536,0.26277318605066,0.2467972860057318,0.22976469138844402
2020-07-16,0.23522777095461045,0.25434450204115233,0.2897300610612764,0.28101109065499474,0.2632340353451329,0.1816489398108223
2020-07-17,0.2625863229296619,0.2546920834178332,0.31257404631560004,0.2836931956331873,0.26565136293752556,0.06922371428962534
2020-07-20,0.2516570613326532,0.24655918832482948,0.29493090751726936,0.26049347355307906,0.24474275360471975,0.09431508630720163
2020-07-21,0.24326612558321936,0.25552619386831243,0.3011850022270399,0.2763175348329624,0.2590040061372282,0.07660191915458639
2020-07-22,0.24509939678179604,0.2681774347242811,0.30329159918745685,0.30126054841501304,0.2814837803788284,0.12759229600427086
2020-07-23,0.2823296821766854,0.277492021644445,0.3262672781433258,0.29777386309928455,0.2783415485875005,0.0878540237909463
2020-07-24,0.2782399778789506,0.2798554052987652,0.3223831677970628,0.2920074652859752,0.2731444903163779,0.06383036973156475
2020-07-27,0.26307995801734707,0.2537883930518514,0.3091507132454532,0.2774573910817528,0.2600314193771255,0.05114095245917348
2020-07-28,0.24918910107953085,0.26171276053223536,0.3064516453073747,0.2814134831356063,0.26359663448399173,0.09298728320534407
2020-07-29,0.24728524910119787,0.2547615572663917,0.2898617547628217,0.2872468952064293,0.26885407693179375,0.2186220962862579
2020-07-30,0.2458045590234459,0.25503966479451434,0.3044766415956415,0.2833579197219328,0.26534914797534603,0.14885083432576351
2020-07-31,0.2543364411470883,0.24489086135692717,0.29104669671814476,0.2691431214289649,0.2525380959457515,0.18318207328925573
2020-08-03,0.23621493353732892,0.24586402557146747,0.28815013845417914,0.2757140995798104,0.2584601564420702,0.14594883167015726
2020-08-04,0.2535608057183343,0.2505213190315494,0.30414745756820905,0.27249567591782287,0.25555965740998154,0.24400093083104046
2020-08-05,0.25765051001606887,0.25642988423429425,0.31290323034303247,0.28557061796200034,0.2673432961996788,0.11319179226041366
2020-08-06,0.25969541596126233,0.2547615572663917,0.31454905002733324,0.28523534205074574,0.26704108123749926,0.07471287969008802
2020-08-07,0.26054152457712054,0.27790907686968436,0.31573399198265617,0.310915921712819,0.29018547352761626,0.20950542756628748
2020-08-10,0.29163730732173376,0.30425419664472075,0.3481237113153518,0.3349872383879766,0.31187976334108003,0.11268531066485975
2020-08-11,0.33366235166335545,0.3325455387818932,0.37788015933431096,0.3503419952415785,0.32571822861057187,0.20147016549628355
2020-08-12,0.33993790828049186,0.3314333208032916,0.35641870681405907,0.3339815129660566,0.3109733145070632,0.13560018069073138
2020-08-13,0.2972782824769764,0.3023773420641984,0.3501646121042886,0.32419200884138033,0.30215055892613407,0.10025597853613132
2020-08-14,0.29579748480657253,0.3104407633086437,0.34957204067376557,0.3343167888773111,0.31127562749550364,0.05443992717615978
2020-08-17,0.31279088345940487,0.3043931443418375,0.34759713741489373,0.31594475344610595,0.29471791375022205,0.10519759626572488
2020-08-18,0.2899449824973652,0.28569449665295155,0.3434496396655401,0.3113182118815869,0.29054826871899675,0.04053221633608475
2020-08-19,0.28768865699085944,0.28889199075775074,0.33930214191618646,0.3076974980508316,0.2872849744955275,0.05208547219142266
2020-08-20,0.2756310712516199,0.2707493459912209,0.32876895620837865,0.2973045586730032,0.27791846724570135,0.06571940919606313
2020-08-21,0.26681708119425696,0.2665786876718814,0.31915732505280303,0.28972775278839413,0.2710899579153657,0.16392208396643532
2020-08-24,0.270272204030098,0.280759095664747,0.32389729377981824,0.31312861995288643,0.2921800138569923,0.09320630227369171
2020-08-25,0.29713722851011615,0.29007368258491084,0.3312705338205699,0.3008582582462451,0.28112118123996954,0.05746512805771152
2020-08-26,0.2733041649653578,0.2675518518864217,0.3217247997421978,0.2941531492685292,0.2750782543640311,0.06636277770933433
2020-08-27,0.2711183126459562,0.2817322598792873,0.3281763847778555,0.30736222213957687,0.28698285755960884,0.11309597141801157
2020-08-28,0.2868424407823491,0.2779786567851872,0.3303488788154759,0.30622236589078655,0.2859557383984941,0.047800911666872004
2020-08-31,0.281413100373723,0.27387736624746184,0.3186306506994834,0.2866434599532772,0.26831032526289667,0.11706569203181251
2020-09-01,0.2513044802118283,0.259418956793418,0.30816326161601737,0.29227572693971626,0.2733862230756171,0.08663573022326256
2020-09-02,0.26724013550218606,0.28847493553251113,0.32501643911079936,0.31728575477928045,0.2959264795201576,0.12835886274348762
2020-09-03,0.30207304142370894,0.302794397289438,0.32955891751192723,0.30400966765071913,0.28396149214790045,0.1392139953184674
2020-09-04,0.2914962533548733,0.28764082508203215,0.32416058073004717,0.3024004046638036,0.282510997566204,0.1095506002491342
2020-09-07,,,,,,
2020-09-08,0.2652658103367489,0.2610177038458177,0.30316000593877324,0.2706182535890099,0.25386762612156755,0.1733672812889272
2020-09-09,0.2476378302220228,0.24183231494924473,0.2936141714075394,0.26532116020198204,0.24909364919224408,0.13254760242563618
2020-09-10,0.24284307127529026,0.24155431348806666,0.2755760519574345,0.24124984352682433,0.22739945740504108,0.1470986817789824
2020-09-11,0.22521509116056415,0.23077992721262008,0.27695848423864466,0.2598900382999271,0.24419870785704012,0.11089209204276347
2020-09-14,0.24185590869257179,0.2469067697015106,0.29756417883100594,0.27403782233538143,0.25694937570995524,0.06055877239812191
2020-09-15,0.24791993815574354,0.24405675090644818,0.2924950260765583,0.25841490613988205,0.24286937373374584,0.06974388457695098
2020-09-16,0.23332391897627747,0.2471152973141304,0.28801844475263383,0.2694112807708624,0.25277973067872994,0.10233665968543386
2020-09-17,0.20088839252812063,0.22181292166913735,0.2564844833478287,0.2547270757397696,0.23954579335985793,0.16582481212270545
2020-09-18,0.21752921006012804,0.22681779650590017,0.27768264891785144,0.2439989627625303,0.22987716917411316,0.20739736903344147
2020-09-21,0.20582431303436555,0.1980398192279853,0.24279125152010295,0.21275313037153165,0.2017169691691726,0.14403241482211543
2020-09-22,0.1847412100837985,0.18942028899423924,0.24226467761964487,0.22026281968678352,0.20848499629656791,0.0840622561701778
2020-09-23,0.19679879582303805,0.20033372903374702,0.23462805017580257,0.20054978292240377,0.19071871678135088,0.09746348541469892
2020-09-24,0.1689465011676492,0.17690810190233186,0.22784728111271235,0.20316477133123922,0.19307556217080335,0.08322724597210245
2020-09-25,0.16697217600221204,0.1791325378595351,0.23048055242644894,0.2119485500339957,0.2009918689177156,0.07687569299002095
2020-09-28,0.1941897816030551,0.2043653335890253,0.2577353223803551,0.23011933806897344,0.21736813605417638,0.05476845577868124
2020-09-29,0.19933712167061257,0.19171419880000096,0.24581960393847546,0.21422826253157667,0.20304630329246687,0.10200813108291241
2020-09-30,0.19038218523904127,0.18865565239231874,0.24042136760945698,0.21342357988219707,0.2023211050147491,0.12145976209053701
2020-10-01,0.1884783332607083,0.18823859716707914,0.2386438542236109,0.21201556429150914,0.20105215506813423,0.07747799542797695
2020-10-02,0.15202368329457305,0.19421663621838248,0.21757738235513346,0.2272361903182405,0.21476965593174557,0.13742077669637115
2020-10-05,0.21026649086027316,0.21096906154513229,0.2670177695084982,0.24225556894874423,0.2283059062390579,0.08415807701257992
2020-10-06,0.2250740371937039,0.23613238342606402,0.27307437389238165,0.23943943545552482,0.2257678102933064,0.14045966626969458
2020-10-07,0.22218302263265222,0.22695674420301715,0.2829492919981862,0.25660449806858254,0.24123762859575038,0.12083008226903756
2020-10-08,0.23156112096480475,0.22702632411851997,0.28341016972716404,0.2577443543173731,0.24897111636619007,0.07298810452685037
2020-10-09,0.23938794843944922,0.23015434437476068,0.2829492919981862,0.2484913735001787,0.2405679131816698,0.2262193202195666
2020-10-12,0.23015090407415717,0.2346725840707815,0.2849900923342613,0.2556657869041761,0.2470834246611331,0.17662518993059834
2020-10-13,0.22874068718350937,0.22229945074293522,0.2706385929045322,0.24567524000695928,0.23801060408879304,0.12516939756067513
2020-10-14,0.21604851998237629,0.22521894338655635,0.2774851585919643,0.24332841094002122,0.23587931712554067,0.14091139309816159
2020-10-15,0.208292165694836,0.2015848947094656,0.26089526804741137,0.22938177198895093,0.22321373606703743,0.1389128440994894
2020-10-16,0.20772805742004652,0.20506049634238743,0.2613561457763891,0.23897013102924336,0.23192131079147582,0.31919291473313893
2020-10-19,0.21217034283860614,0.20693735092290966,0.24786040427455058,0.21509985712662605,0.21024378346861616,0.16138967598866577
2020-10-20,0.19806795874682526,0.19164472495144247,0.24502964263492677,0.2136248272784247,0.20890435264045504,0.07771070318809631
2020-10-21,0.18107456009399292,0.1787154826342956,0.2366688505118777,0.20122033474491274,0.1976393707968791,0.09387704817050634
2020-10-22,0.1721900968495257,0.1853885783720166,0.2357471955067837,0.22006167460239956,0.2147499526533161,0.1315483279263001
2020-10-23,0.19912559451664802,0.1959544370348434,0.2558262157458253,0.22864420590892842,0.22254402065295686,0.0919469426306928
2020-10-26,0.191087239888039,0.18497152314677712,0.23620797278289984,0.21396000087783562,0.20920872418037306,0.1813477885918443
2020-10-27,0.18185019552274695,0.17454471824801165,0.22593807402532096,0.18955340829142342,0.18704415338051406,0.2295319836283246
2020-10-28,0.1599209839563216,0.17141669799177084,0.20816324152544508,0.17319292601590164,0.1721865090770357,0.2115587313320466
2020-10-29,0.13862646144444202,0.14236061318573334,0.19466750002360644,0.16575035327000676,0.1654275983918988,0.1551613212325298
2020-10-30,0.12974189060732277,0.13707773688779212,0.18841340531383588,0.1658173675275202,0.16548847269988243,0.27768880128126155
2020-11-02,0.1495557230414506,0.16356180435994538,0.21079661329204324,0.19773364942918437,0.19447292651912285,0.14998699574281688
2020-11-03,0.18043997863209926,0.1848324693827158,0.23976299955459202,0.2118814334646386,0.20732113050157686,0.21999096546343067
2020-11-04,0.18911291472260183,0.21083000778107097,0.2415405129404381,0.21784897636233203,0.21274031627977008,0.21005297523715655
2020-11-05,0.19299109186637198,0.1955373818096039,0.24654376861768224,0.21825126653110005,0.2131057581801935,0.11454697274581467
2020-11-06,0.19313214583323246,0.18865565239231874,0.24746542362277624,0.21939122509173403,0.21414111154721915,0.09275457544522471
2020-11-09,0.24693266798037294,0.25990548586721607,0.29111259379534815,0.27175810983780047,0.2616973756801553,0.26758654675372673
2020-11-10,0.2583556722577187,0.27130545498052183,0.3133640076191486,0.299785416254968,0.287150286413129,0.2290665681080859
2020-11-11,0.27450285470204094,0.2647713069399178,0.31349570132069393,0.29294617645038157,0.28093924449984453,0.20166180718108773
2020-11-12,0.2566633474333504,0.25385797296735424,0.3038182735407765,0.2742389674197654,0.2639505092856357,0.13373851860977648
2020-11-13,0.2580030911368938,0.2667872152845012,0.31244235261405473,0.29871257426369113,0.286175807354087,0.12266436696644901
2020-11-16,0.29382315964113537,0.2856249167374487,0.33712964787856614,0.31064766005907796,0.29701457101551687,0.1757628023489795
2020-11-17,0.2786630321868797,0.28006393291138476,0.33159971784800235,0.3008582582462451,0.2881244713933885,0.12597703037520702
2020-11-18,0.28395142622129765,0.2934798103692742,0.3376563222318858,0.31446962128606093,0.30048538683319115,0.16629022764294416
2020-11-19,0.28444506130898284,0.2794383500735256,0.3208689413614457,0.29093472560654177,0.27911262315529284,0.14943944807194776
2020-11-20,0.26681708119425696,0.25948843064197646,0.30908491662111126,0.28000536523307484,0.2691871701661389,0.14200648843989983
2020-11-23,0.25969541596126233,0.2624773971341561,0.3180381797218219,0.2911358706909257,0.2792952460792437,0.14942575938017605
2020-11-24,0.28543222389170153,0.28319205923457,0.33357472155973555,0.31560947753485147,0.301520544147695,0.20030662669568672
2020-11-25,0.29396421360799585,0.2839566958364905,0.3356813185201526,0.30468011716138443,0.29159528721106276,0.07167399011676454
2020-11-26,,,,,,
2020-11-27,0.2782399778789506,0.2782566582463655,0.3339039055871681,0.30481424798825496,0.2917171338532908,0.04210641588983341
2020-11-30,0.27393874642725136,0.27227861919506213,0.3166556469877502,0.2866434599532772,0.2752155891554724,0.17123184537253777
2020-12-01,0.274150273581216,0.2870151361772284,0.3301513884895888,0.3028026948325715,0.28989021842995655,0.13432713235596072
2020-12-02,0.2729515838445329,0.2823578427171465,0.3263330747676676,0.3134638958641409,0.2995720761609153,0.10972855324216664
2020-12-03,0.29043861758505063,0.2934798103692742,0.34489796902395387,0.31701759543738284,0.30279939474665507,0.10408881223221496
2020-12-04,0.29445774110302914,0.2998749046458169,0.35134955405961155,0.3315005530722481,0.3159519702690272,0.10178911201456477
2020-12-07,0.301720460302884,0.2963298291643366,0.34200131030712655,0.31111706679720297,0.2974408872239238,0.097408730647612
2020-12-08,0.28303484441833526,0.28708471609273123,0.3394996322420737,0.31493902802418594,0.3009117030415981,0.08723803266121856
2020-12-09,0.2929064702455211,0.2904907378101502,0.34476627532240844,0.31876088693932525,0.30438261688553325,0.12081639357726583
2020-12-10,0.28493869639666825,0.2821493151045269,0.32606978781743856,0.29348259744602023,0.2814263369899743,0.23559607408319988
2020-12-11,0.26540686430360916,0.27054081837860133,0.31751150536850226,0.29991954708183854,0.2872718389765745,0.29065199238908734
2020-12-14,0.2869834947492096,0.29257612000329236,0.3435154362898821,0.3133967792947838,0.2995112018529317,0.19661067991732029
2020-12-15,0.292483415937592,0.2946615021964343,0.33910465159029946,0.3218452820862858,0.30718371728912697,0.12603178514229396
2020-12-16,0.3013678791820591,0.29403591935857487,0.34285716868787863,0.31379906946355196,0.2998765457270941,0.14400503743857201
2020-12-17,0.29396421360799585,0.2858334443500683,0.3356155218958107,0.30166283858378096,0.28885515914171345,0.08622506947011073
2020-12-18,0.27584259840558434,0.28340058684718983,0.3322580859028673,0.30890436855713554,0.29543154492916035,0.29104896445046746
2020-12-21,0.2668875543813609,0.2635201412641992,0.30789997466578833,0.2887890416239878,0.27716386108973057,0.22708170780118542
2020-12-22,0.26413759378716994,0.25490061103045303,0.30111910514983653,0.26753385844204947,0.25786131401457935,0.17569435889012086
2020-12-23,0.24820193849681216,0.2530237564499309,0.3057932772525098,0.27859724733054336,0.2679085156197005,0.10846919359916772
2020-12-24,0.25511207657584234,0.2512859556334699,0.3097432846759762,0.2843636451438527,0.2731449804476821,0.01724775163237649
2020-12-25,,,,,,
2020-12-28,0.2611761060390141,0.2606006486205781,0.31474654035322036,0.28241920855752634,0.2713792334111139,0.06248887793793548
2020-12-29,0.2652658103367489,0.2556652476323735,0.3017774732047015,0.2745742433310199,0.2642549788518145,0.10730565479857089
2020-12-30,0.24911862789242667,0.25309333636543374,0.30895322291956595,0.2796030750643068,0.2688217282657155,0.09231653730852941
2020-12-31,0.25363138649809036,0.24961773473251192,0.30809746499167545,0.2830897603800353,0.27198817254347174,0.19598100009582087
2021-01-01,,,,,,
2021-01-04,0.2615991603469432,0.2520505922353906,0.2913758807455772,0.2637790137844235,0.2544512744786278,0.15128742146113094
2021-01-05,0.24002252990134276,0.23432510876104473,0.2893350804095022,0.26424831821070505,0.25487749266077386,0.11813340999000725
2021-01-06,0.23332391897627747,0.26164328668367687,0.2942725394624044,0.2892584483621128,0.2775901772981375,0.20860197390935348
2021-01-07,0.2669581351611172,0.27276525433580456,0.31737981166695695,0.3025345354906741,0.2896468192242829,0.13948776915390199
2021-01-08,0.2697785689424126,0.27540663945130284,0.31632656341317933,0.29616470242421267,0.2838620935194055,0.26345256183866506
2021-01-11,0.26857987920572945,0.27276525433580456,0.3216590031178559,0.302936825659442,0.2900120650721846,0.1519034125908587
2021-01-12,0.27936819442852956,0.2915334819401936,0.33706385125422433,0.31446962128606093,0.30048538683319115,0.16566054782144468
2021-01-13,0.28719502190317403,0.2811066770414281,0.33429888623894244,0.30863620921523793,0.29518794967096507,0.11846193859252872
2021-01-14,0.28444506130898284,0.2945920283478758,0.33811719996086353,0.31842561102807077,0.3108894040277814,0.16912378683969176
2021-01-15,0.2919898884425587,0.28645913325487204,0.3379197096349764,0.3122569230459935,0.30524671837486583,0.20542619741831275
2021-01-18,,,,,,
2021-01-19,0.2977013367849055,0.2944529745838145,0.34568793032750256,0.3119887637040959,0.3050013586439754,0.15298481924082513
2021-01-20,0.2896629821562966,0.2877797727791491,0.3414088393294651,0.31802332085930285,0.3105213154183154,0.10229559361011868
2021-01-21,0.29389363282823955,0.29014326250041367,0.32883475283272046,0.29810913901053904,0.29230509536582816,0.14698917224480856
2021-01-22,0.2697080957553084,0.27909076869684446,0.3242922744315925,0.3095749203796445,0.30279341514474367,0.11636756875145442
2021-01-25,0.2796503023622505,0.2968163582381347,0.3328505568805288,0.31218990878847985,0.30518545196183877,0.20912214419667913
2021-01-26,0.29741922885118477,0.28937862589849295,0.3256748071656642,0.2932144381041226,0.28782784392807703,0.17347679082310102
2021-01-27,0.2721054752286747,0.31968587638024903,0.31830146667205095,0.30930665872590346,0.3025479573875923,0.28090564384761746
2021-01-28,0.289098873881507,0.2816627860307288,0.32310733247626955,0.29388488761478815,0.28844119424217274,0.22888861511505343
2021-01-29,0.2606119977642247,0.2646323592428008,0.30329159918745685,0.26874072894835344,0.26544099858175607,0.3807098955552818
2021-02-01,0.24862499280474126,0.2473238249267502,0.3026991282097954,0.2753788236685558,0.27151303925716486,0.1976099544166564
2021-02-02,0.2562402931254213,0.2669261629816182,0.31454905002733324,0.28979486935775123,0.2846999239708321,0.2347199978098093
2021-02-03,0.25772109079582517,0.2837481682238707,0.3170507280923861,0.3116534877928414,0.3046946344737971,0.16140336468043748
2021-02-04,0.29297705102527716,0.31057971100576065,0.34562213370316053,0.3414912022813086,0.331988184306623,0.17684420899894598
2021-02-05,0.33041886357413097,0.33004310136351167,0.37590515562257776,0.35014085015719454,0.33990027592431904,0.21047732468208014
2021-02-08,0.3302778096072707,0.32496875267819036,0.37235022930374717,0.35563898631676283,0.34492951323687815,0.1267025310391086
2021-02-09,0.33500209536689907,0.34436256312043856,0.3809743083770253,0.37240175876105264,0.36026307503675004,0.10778475901058136
2021-02-10,0.35594414435060573,0.35471989417064553,0.4038182936313489,0.37903985348125513,0.3663352137384197,0.14259510218608407
2021-02-11,0.35545061685557244,0.36987357244499575,0.408294975408135,0.38118543515196546,0.36829769948050006,0.1767073220812287
2021-02-12,0.35897621287851766,0.3641735348548707,0.4095457139877997,0.3904385182810035,0.3767619730255256,0.12892009910612845
2021-02-15,,,,,,
2021-02-16,0.37343107049847135,0.37008210005761555,0.4113232273736459,0.3803138405569162,0.3675005499273234,0.14232132835064953
2021-02-17,0.3582710506368678,0.3620881526617288,0.4017116966709319,0.38815880578342243,0.37467646432608714,0.061407471287969015
2021-02-18,0.3656748238035832,0.35763938681426666,0.4075708107289281,0.37971030299192066,0.3669484660262545,0.04801993073521964
2021-02-19,0.3674376218150557,0.3631308967917719,0.41652407382963885,0.390103242369749,0.37645515082908654,0.06194133026706637
2021-02-22,0.368706784738843,0.37640761441865545,0.4169190544814131,0.40109961700072927,0.3865140175592481,0.15127373276935924
2021-02-23,0.3945846466361427,0.38440156181454244,0.42113234885510853,0.40733542155216385,0.39221796962519084,0.14323847069935525
2021-02-24,0.38964883372254966,0.38878074774650173,0.43350884457310446,0.41209599163170973,0.3965724921843663,0.1152998507932597
2021-02-25,0.3914116317340224,0.38905885527462436,0.42778142421665344,0.39962448484068425,0.385164588052481,0.11119324326174147
2021-02-26,0.38428996650102776,0.37418328452839655,0.41349572141126634,0.381319565978836,0.36842042835907574,0.1929147331389539
2021-03-01,0.37258496188261314,0.3862088364795617,0.4235023332186162,0.4053908826539938,0.39043928312219145,0.10838706144853737
2021-03-02,0.3845719668420964,0.38766863583484445,0.434759683605631,0.4095480174803876,0.3942419178328198,0.11421844414329323
2021-03-03,0.39514875491093204,0.393438147273528,0.44081628798951444,0.4113584255516871,0.3958979734835044,0.08618400339479555
2021-03-04,0.39465522741589876,0.3857917812543221,0.41191569835130737,0.3967413370899513,0.382527387557017,0.13546329377301414
2021-03-05,0.3863347648535691,0.40650633728779173,0.42955893760249964,0.42859060473410193,0.4116607922796085,0.11861251420201772
2021-03-08,0.42046250853344214,0.4328514570628281,0.4614877792062174,0.4431406789383243,0.42497030784559064,0.14007638290008623
2021-03-09,0.42680864593033485,0.41894905053114084,0.4465438087988268,0.4166555189387151,0.40074341155698257,0.208725172135299
2021-03-10,0.4048089611768053,0.4158210302748999,0.4480579347815824,0.4413302708670248,0.42331425219490604,0.10382872708855216
2021-03-11,0.41686643932339273,0.4271514194727031,0.45984195952191664,0.4430065481114538,0.4248474809407541,0.11035823306366611
2021-03-12,0.43675085253727675,0.442166043982992,0.4842001712118572,0.4672790098709956,0.4470504290217332,0.09348007610912624
2021-03-15,0.453673670410353,0.4450160627780544,0.4831468225052181,0.47009524567605854,0.44962636310417015,0.09761406102418792
2021-03-16,0.45127629093698673,0.43987213417723026,0.4822909641244658,0.46077514828950705,0.4411009211723784,0.10521128495749661
2021-03-17,0.45437883265200285,0.4573891961059007,0.49111253352363116,0.4755263675781134,0.45459453005622397,0.11988556253678835
2021-03-18,0.4608659164231037,0.46816358238134703,0.5067149724387484,0.4870591632047323,0.465143822169384,0.13242440419969065
2021-03-19,0.46615431045752165,0.45822330655637966,0.48979589786676303,0.4761968170887789,0.4552077823440588,0.33368923931939826
2021-03-22,0.4608659164231037,0.4484916644109762,0.4803818574899362,0.4690894179422951,0.4487063866461569,0.09858595813998057
2021-03-23,0.44930196577154957,0.4448075351654346,0.485648500570271,0.45775776740006013,0.43834108982459963,0.0736040956565781
2021-03-24,0.4523339267068094,0.461629434340743,0.49874916096747357,0.4681507067778885,0.44784767660117075,0.08202264109619044
2021-03-25,0.44880833068386417,0.4675378934765435,0.4950625409470978,0.4925572993643006,0.47017325553446465,0.09499952089578799
2021-03-26,0.4783528425709693,0.47852080736460967,0.5165239934673495,0.502480832004004,0.47925068334106435,0.10304847165756369
2021-03-29,0.4911860637389629,0.49381343333607686,0.523173169281756,0.5142818892843639,0.49004533518511484,0.19027281562701054
2021-03-30,0.5019037981820069,0.4961073431418386,0.5348913973977486,0.5062357789734735,0.48268542549474835,0.06459693647078149
2021-03-31,0.4876604677160177,0.4821354627615928,0.527320566578248,0.5026149628308745,0.47937321616711825,0.10010540292664231
2021-04-01,0.4898463200354195,0.47775617076268917,0.5220540239507748,0.49772026192445806,0.474896062755628,0.07249531162306819
2021-04-02,,,,,,
2021-04-05,0.493865443553398,0.5050744547522659,0.5362080330546167,0.5296365438261221,0.5040907338912466,0.11879046719505017
2021-04-06,0.5094486253155825,0.5053524562134439,0.552073758919963,0.5264181201641347,0.5011468092256044,0.08337782158159145
2021-04-07,0.5176280339110519,0.5074378384065859,0.5460829511604214,0.5242724361815807,0.4991839313784807,0.09082446990541114
2021-04-08,0.49774362069716815,0.4975671424971213,0.5366689107835946,0.5197130111864188,0.5023325348767633,0.07747799542797695
2021-04-09,0.4912565369260671,0.49207563251961606,0.5288347930138652,0.5122703361286804,0.4954802051650429,0.12823566451754204
2021-04-12,0.502679433610761,0.5018768545805221,0.5425280248415908,0.5252782639153444,0.5074561714785144,0.1110563563440242
2021-04-13,0.5008461624121843,0.4931183766496592,0.5362738296789588,0.5074426494797775,0.4910354984458918,0.1253610392454793
2021-04-14,0.49760256673030767,0.500695162753362,0.539104691771444,0.5154887597906679,0.4984432449515497,0.06878567615293006
2021-04-15,0.5065576107545311,0.4955512341525379,0.5390387946942407,0.5185060383682714,0.5012211131313236,0.08233748100694017
2021-04-16,0.5151600736579296,0.5021549621086447,0.544568825177666,0.5221268545108704,0.5045546921838173,0.15015126004407758
2021-04-19,0.5096601524695472,0.499861052302883,0.5413429824334063,0.5242724361815807,0.5065300193660682,0.11432795367746705
2021-04-20,0.5116344776349844,0.506534148040604,0.5452270927796693,0.5194448518445214,0.5020855086994387,0.12093959180321136
2021-04-21,0.5039487041272002,0.506534148040604,0.5443054377745754,0.5313799376399082,0.5130736643823934,0.07426115286162102
2021-04-22,0.5167113445154377,0.5080634212444453,0.5510862068376655,0.5223279995952543,0.50473986379055,0.06927846905671226
2021-04-23,0.5131151677127361,0.5142499879083684,0.5519420652184176,0.5356040867238157,0.5169627582550855,0.06488439899798776
2021-04-26,0.5313072561022516,0.5244682651945141,0.5562870532936585,0.5269545411597734,0.5089993989029686,0.1159979740736178
2021-04-27,0.5138908031414902,0.514458515520988,0.5506254295615495,0.5316480969818058,0.5133204945071965,0.11987187384501664
2021-04-28,0.5407559352141604,0.5282914482041168,0.5563528499180003,0.5274238455860547,0.5094314006345044,0.14930256115423052
2021-04-29,0.5356084875539509,0.5453914549075478,0.5739301920919891,0.5639667713640812,0.5430750916447513,0.1427046117202579
2021-04-30,0.5493583981175589,0.5430279651862833,0.5808426548566247,0.5607482453902504,0.5401119538319838,0.16028089195515582
2021-05-03,0.5558454818886598,0.5542889866024721,0.5847926622800911,0.5705377495149266,0.549124684306427,0.07008610187124417
2021-05-04,0.5604991868685318,0.5546364619122088,0.5992758554113656,0.5725493026706101,0.550976792478798,0.1470986817789824
2021-05-05,0.5602876597145674,0.5484498952482857,0.5852534395562073,0.5637655239678538,0.542889625959236,0.14938469330486087
2021-05-06,0.5609928219562172,0.5543584604510305,0.593285047651824,0.5771757419232857,0.5552360335124338,0.12892009910612845
2021-05-07,0.5700183391675449,0.5723620514534988,0.6043450081658132,0.5915247733549676,0.5684467386074861,0.14322478200758354
2021-05-10,0.5875052653154105,0.5874461498123462,0.6180381395406772,0.5900496411949225,0.567088486737243,0.09350745349266971
2021-05-11,0.5757297875098917,0.5652719004905384,0.5872284432679405,0.5695319217811632,0.5481987282465024,0.10544399271761597
2021-05-12,0.5629671471216544,0.5519254968812075,0.5671494230288988,0.5382861917020081,0.5194319417394644,0.19288735575541044
2021-05-13,0.5329995809266201,0.5497011669909486,0.5678735877081057,0.5678556445367342,0.5466554027957875,0.09942096833805593
2021-05-14,0.5609223487691131,0.5540108790743494,0.5930875573259368,0.5722140267593556,0.550667911730881,0.07794341094821568
2021-05-17,0.5566211173174138,0.55102191258217,0.5863067882628467,0.5702694878611858,0.5488778541816239,0.08834681669472848
2021-05-18,0.5611338759230777,0.5478243124104265,0.5843976816283168,0.5548478190619139,0.5346795345085769,0.07543838035398957
2021-05-19,0.5331406348934806,0.5253719555604959,0.5580645666795044,0.5492825663329886,0.5295558979068258,0.08291240606135271
2021-05-20,0.5406853544344041,0.5335743245020581,0.5763660735327002,0.5529032801637439,0.5328894769593195,0.06563727704543276
2021-05-21,0.5468904378644364,0.5458779839813457,0.5786043641946624,0.5584015186351559,0.5379514550430002,0.18070442007857307
2021-05-24,0.5538711567232226,0.540317000155282,0.581896003563264,0.5565240963063429,0.5362229579855526,0.07799816571530259
2021-05-25,0.5443520044242098,0.5401084725426621,0.580315980503305,0.5518975547418239,0.5319633248468731,0.04246232187589832
2021-05-26,0.5465378567436114,0.5342694872554201,0.5736010080645567,0.5526351208218465,0.5326425488082556,0.05309843538253049
2021-05-27,0.5551403196470099,0.5460865115939655,0.5876893209969184,0.5636985097103404,0.5428281634936873,0.11438270844455396
2021-05-28,0.5559864282628681,0.546851148195886,0.5864384819643919,0.5586026637195398,0.5381366266497329,0.05372811520402995
2021-05-31,,,,,,
2021-06-01,0.5576787530872367,0.5456694563687259,0.5845292748770005,0.5561217038257313,0.5358525167458261,0.06732098613335523
2021-06-02,0.5502749799205213,0.5465035668192051,0.583936803899339,0.5695319217811632,0.5481987282465024,0.11258948982245766
2021-06-03,0.5587363888570593,0.5492145318502062,0.5895326310071062,0.5646372208747468,0.5436924610355416,0.07716315551722722
2021-06-04,0.5594415510987092,0.5620048264702362,0.5956550320153314,0.5831433871328227,0.5607301113539114,0.11016659137886194
2021-06-07,0.5765758961257499,0.5649243191138573,0.5930875573259368,0.5710741705105653,0.5496184425822941,0.09546493641602673
2021-06-08,0.5614158762641464,0.5587377524499342,0.596905871047858,0.5774440035770267,0.5554829616634978,0.09353483087621316
2021-06-09,0.5674799057273181,0.5586681725344314,0.5971033613737452,0.5717446200212306,0.5502357139468235,0.07517829521032675
2021-06-10,0.5699478659804407,0.559780390513033,0.5968400744235162,0.5691296316123953,0.5478283850330368,0.06415889833408621
2021-06-11,0.5648709990999874,0.55102191258217,0.5935484350549146,0.5691967481817524,0.547890141577368,0.14564768045117926
2021-06-14,0.555915955075764,0.5450438735308667,0.5851876429318655,0.5648383659591307,0.5438774365897527,0.11558731332046597
2021-06-15,0.558595442482851,0.5562353150315527,0.5973666483239742,0.5756335955057272,0.5538162211503814,0.08411701093726472
2021-06-16,0.565152999441056,0.5523426581733915,0.5888742629522413,0.5597425199683304,0.5391859977720592,0.05877924246779735
2021-06-17,0.5535185756023977,0.5430279651862833,0.5649111323669366,0.5436501970347061,0.5243703087082217,0.08133820650760408
2021-06-18,0.515371600811894,0.5124427132433489,0.5528637202235117,0.5266862795060323,0.5087523727256438,0.30750277196008374
2021-06-21,0.5262303892217983,0.5414292181338836,0.5674128104319894,0.5644360757903628,0.543507191402548,0.12537472793725102
2021-06-22,0.5510506153492754,0.540317000155282,0.5828176585683579,0.5563899654794724,0.536099542923151,0.08852476968776095
2021-06-23,0.5487942898427693,0.5351731776214022,0.5676760973822185,0.5378167849638831,0.5189997439554068,0.0953554268818529
2021-06-24,0.5350443792791615,0.5234256271314153,0.5641211710633879,0.5465334470972825,0.5270249578781157,0.06693770276374687
2021-06-25,0.5333521620474451,0.5357292866107028,0.574391069820967,0.5579321118970308,0.5375192572589427,0.0722489151711771
2021-06-28,0.5492878173378026,0.5365633970611818,0.5773535251621359,0.5516292930880831,0.5317163966958092,0.1147112370470754
2021-06-29,0.5473839653594696,0.5394134158562445,0.5657669907476887,0.5370792188838607,0.5183208140728068,0.10166591378861924
2021-06-30,0.5245381719900821,0.5254414294090544,0.5658985839963725,0.5475391725192025,0.5279508159117796,0.10688130535364736
2021-07-01,0.5334932160143055,0.5289170310419762,0.57096773675082,0.5461311569285145,0.5340391289464883,0.07844989254376959
2021-07-02,0.5365251769495654,0.5321841050622782,0.5715602077284815,0.5494165948480154,0.5370831384244514,0.04083336755506277
2021-07-05,,,,,,
2021-07-06,0.5334226352345492,0.5216182463994514,0.5513495942407561,0.538487336786392,0.5269569276530905,0.07077053645983053
2021-07-07,0.519884359417558,0.5371195060504828,0.5618169833242223,0.5577979810701603,0.544848582755926,0.11595690799830259
2021-07-08,0.5335636892014095,0.5311414669991794,0.5677418940065603,0.5459300118441306,0.5338527810246254,0.08771713687322903
2021-07-09,0.5498519256125922,0.5438621817037066,0.5795918158240981,0.5606812311327369,0.5475199944164242,0.10345913241071551
2021-07-12,0.5454096401940325,0.538926780715502,0.5781434864656846,0.5547136882350434,0.5419909211998257,0.06263945354742448
2021-07-13,0.544422477611314,0.5372584537475997,0.580052693553076,0.5507576984930336,0.5383257193068995,0.07104431029526508
2021-07-14,0.5416020438300186,0.5360767619204396,0.5776827091895683,0.5555853851419363,0.5427986575891734,0.05294785977304149
2021-07-15,0.5347623789380926,0.5341304334913588,0.5729427404625532,0.5548478190619139,0.542115120472314,0.08198157502087526
2021-07-16,0.5508390881953107,0.5396219434688643,0.5793285288738691,0.5543784123237889,0.5416802759792139,0.10073508274814176
2021-07-19,0.5289098766288853,0.5188378075198918,0.5405530211298576,0.5195788803595482,0.5094379683939809,0.11454697274581467
2021-07-20,0.5146664385702442,0.5396219434688643,0.5563528499180003,0.5592731132302053,0.5462152648846015,0.09694331512737327
2021-07-21,0.555915955075764,0.5519950767967103,0.5928242703757077,0.5701354593461587,0.5562794250328487,0.05168850013004257
2021-07-22,0.5573261719664118,0.543584074175584,0.587557627295373,0.5630280601996749,0.5496943149081868,0.027842799063693482
2021-07-23,0.5606402408353923,0.5503962236773663,0.5930875573259368,0.5716776057637172,0.5577083538371597,0.01835653566588641
2021-07-26,0.5576787530872367,0.5533158223879318,0.5971033613737452,0.5720798959324853,0.5580809516546246,0.05322163360847604
2021-07-27,0.5602171865274632,0.5740998522699599,0.5942067026569179,0.5863618107948101,0.5713135166058447,0.12833148535994415
2021-07-28,0.6080947331782922,0.6044071027517159,0.6154048682269407,0.5961512126076429,0.5803835924428811,0.12952240154408445
2021-07-29,0.6004089596705082,0.597177898024694,0.6247531119794257,0.6137856819588257,0.5967221194689172,0.11312334880155504
2021-07-30,0.6038640825063493,0.5896011119209912,0.6213956759864822,0.5996378979233714,0.583614047868968,0.08022942247409415
2021-08-02,0.5968128904604588,0.596482735271332,0.6256089703601778,0.5982968965901969,0.5823715650127808,0.09814792000328527
2021-08-03,0.5947679845152654,0.5867510931259285,0.6109940835273581,0.6082875457992574,0.5916280867979409,0.057109222071646606
2021-08-04,0.5897616984145684,0.5856388751473269,0.6210664919590497,0.5985650559320943,0.5826199635577574,0.03954663052852039
2021-08-05,0.5877873732491312,0.5895315320054884,0.6252139897084034,0.6040632944035063,0.5877141922812554,0.036165523660903726
2021-08-06,0.6062614619797155,0.6009315011187941,0.6379196694538317,0.6200885007677737,0.6025618379061277,0.07598592802485866
2021-08-09,0.6080947331782922,0.5949534620674908,0.6336405784557945,0.6077511248036187,0.5911311916817268,0.05153792452055357
2021-08-10,0.5981526341640024,0.5987766450770937,0.6329822104009294,0.6196862105990055,0.602189044036141,0.03769865713933719
2021-08-11,0.6153574523781473,0.6098986127292212,0.6452930099474451,0.63088373031437,0.6125638494050003,0.05721873160582043
2021-08-12,0.6248766046771601,0.6127485254573395,0.6439104772133734,0.6206919360209255,0.6031208816717164,0.02802075205672594
2021-08-13,0.6156395603118681,0.6020437190973957,0.6415404928498657,0.6153278283763841,0.5981510482732282,0.045679164442254255
2021-08-16,0.6066140431005405,0.608508287222497,0.6305464294130801,0.6293415838968115,0.6111350186269502,0.04212010458160513
2021-08-17,0.6157100334989722,0.6079522843001406,0.640816328170659,0.6216977637546892,0.6040528173335524,0.06069565931583919
2021-08-18,0.6115498560141333,0.6007924473547328,0.6319947587714937,0.6048008604835289,0.5883975333455933,0.09354851956798489
2021-08-19,0.5877167924693751,0.5862644579851861,0.615799848878715,0.5960171840926158,0.5802593931703928,0.05702708992101625
2021-08-20,0.5885630086778852,0.5901571148433475,0.6233706796982156,0.6081534149723868,0.5915037894991917,0.12605916252583743
2021-08-23,0.6058384076717864,0.5984986436159154,0.6357471754162113,0.6129139850519327,0.5959144811058303,0.03220949173887451
2021-08-24,0.6099985851566252,0.6019742452488372,0.6423304541534144,0.6190156587764966,0.601567851621178,0.01307270064199964
2021-08-25,0.6163447225535179,0.6052413192691393,0.6429888222082795,0.6215636329278187,0.6039286180610641,0.01022545275348035
2021-08-26,0.6114793828270291,0.6005144458935545,0.6423304541534144,0.6200214865102602,0.602499787283014,0.022216746745513535
2021-08-27,0.6184599940931634,0.60836933952538,0.6488479362662757,0.624379766421038,0.6065378810721878,0.04114820746581249
2021-08-30,0.6188830484010925,0.6048241579769553,0.6450296225443545,0.6208260668477961,0.6032451789704656,0.010211764061708622
2021-08-31,0.6144408705751849,0.610107140341841,0.6496378975698244,0.628335756163048,0.6102029849388533,0.06366610543030403
2021-09-01,0.6264278755346682,0.6117058873942407,0.6450296225443545,0.6248490708473196,0.6069726275390273,0.0634060202866412
2021-09-02,0.6215625358081796,0.6214375295396439,0.6567478506603469,0.6416789598609665,0.6225658609038727,0.08577334264164373
2021-09-03,0.6334790675805586,0.6249131311725658,0.6625411680940013,0.6427518018522433,0.6235597491625617,0.07664298522990158
2021-09-06,,,,,,
2021-09-07,0.6311521612942965,0.6273460947423888,0.6596445093771742,0.6422823951141183,0.6231250026957222,0.14722188000492792
2021-09-08,0.6347482305043459,0.6395107004576153,0.6650428461590542,0.6557596273270636,0.6356118818807084,0.10462267121131234
2021-09-09,0.6546326437182299,0.6496595038952024,0.6795260392903287,0.6518036375850538,0.6319463859089995,0.12538841662902278
2021-09-10,0.654280062597405,0.6404838646721556,0.6649769490818508,0.636985404038934,0.6182171218940871,0.09905137366021928
2021-09-13,0.6358764470539249,0.6247741834754488,0.6378538728294899,0.6223682132653545,0.6046741077747764,0.159267928764048
2021-09-14,0.6224086444240375,0.6077436506205764,0.6279130576464819,0.6038621493191223,0.5875277463331317,0.09394549162936498
2021-09-15,0.5954731467569154,0.601001081034297,0.6289006097287794,0.6160653944564067,0.598834389337566,0.08343257634867836
2021-09-16,0.6116909099809937,0.6012790824954752,0.6206715113072755,0.5919270635237355,0.5764698939787174,0.06819706240674579
2021-09-17,0.5779156398292935,0.5754900717097398,0.6123766162614298,0.5935362241988074,0.5779606773536203,0.3286244233638591
2021-09-20,0.5770695312134353,0.5670097013069992,0.5958525223412187,0.5822045736565726,0.5674617707385339,0.08473300206699245
2021-09-21,0.5765758961257499,0.5684693945953376,0.5934167413533692,0.5671851950260687,0.5535460607754976,0.05538444690840896
2021-09-22,0.5684670683100368,0.5696510864224977,0.6042133144642677,0.5843502576391266,0.5694496452821725,0.05157899059586875
2021-09-23,0.5883514815239208,0.5900181671462306,0.6217906566382566,0.6044655845722744,0.5880867900987203,0.04347528506700614
2021-09-24,0.595755147097984,0.5916863880471888,0.6324555360476097,0.6089579953099227,0.5922492792129042,0.020190820363297876
2021-09-27,0.6064025159465758,0.6062144834836796,0.6377879757522865,0.6112377078075037,0.594361353029031,0.044419804799255336
2021-09-28,0.603793501726593,0.5957180986694113,0.6240289473002189,0.6068124136392123,0.5902613066430045,0.07751906150329213
2021-09-29,0.6059088808588906,0.6014181362595363,0.6355496850903243,0.6154619592032546,0.5982753455719774,0.04799255335167618
2021-09-30,0.6120434911018187,0.6012096086469167,0.6284397319998015,0.5996378979233714,0.583614047868968,0.10103623396711976
2021-10-01,0.6001269593294394,0.5998888630556953,0.615602358552828,0.6143221029544641,0.597219210637653,0.07601330540840212
2021-10-04,0.6028769199236306,0.6029474094633775,0.626991402641388,0.6095614305630748,0.5928083229784926,0.07278277415027445
2021-10-05,0.6068960434416091,0.6023913004740769,0.6324555360476097,0.6139198127856962,0.5968465147939273,0.08727909873653376
2021-10-06,0.5990692159669646,0.6006534996576158,0.6217906566382566,0.6219659230965866,0.6043013139047899,0.055535022517897964
2021-10-07,0.6186010480600237,0.6199778362513055,0.6530612306399711,0.6378569986339835,0.6265502363021045,0.04692483539348144
2021-10-08,0.6330560132726295,0.6244960759473264,0.6603686740563809,0.6404719870428188,0.6289877573042308,0.05498747484702887
2021-10-11,0.6370046636035038,0.6453496857448573,0.6671494431194712,0.6455679353454629,0.6337375217471259,0.05205809480787921
2021-10-12,0.6396841510105908,0.642638720713856,0.6724818828241478,0.6500603460831114,0.6379248115053031,0.0650075972239333
2021-10-13,0.6432097470335361,0.632976552417011,0.6608294513324972,0.6489875040918343,0.6369248456184418,0.04828001587888245
2021-10-14,0.6526583185527928,0.6441679939176972,0.6770901578496177,0.6607214448028371,0.6478618315932365,0.05690389169507071
2021-10-15,0.6599210377526477,0.6668288783802474,0.6925609030631895,0.6803003507403464,0.6661108904431061,0.10339068895185687
2021-10-18,0.6681709195352212,0.6622411648356683,0.6924951064388477,0.6709132390962815,0.6573613604790269,0.036945779091892186
2021-10-19,0.6692991360848002,0.6675240411336094,0.6945359067749227,0.6840551953979723,0.6696106240077293,0.058122185262754436
2021-10-20,0.6801579244947045,0.6716948055198935,0.7071757898960093,0.6828483248916684,0.6684857726645539,0.08460980384104692
2021-10-21,0.6755042195148324,0.6617545296949259,0.6886767927169265,0.6801662199134759,0.6659858089342703,0.06979863934403789
2021-10-22,0.6807926135492501,0.675726516142116,0.7038841505274077,0.6900898548650227,0.6752355669074324,0.06110632006899101
2021-10-25,0.6832604662097206,0.6716948055198935,0.7060566445650281,0.6792946253184264,0.6651734653106629,0.048060996810534815
2021-10-26,0.6138062891132912,0.6431948297031567,0.6457537872235614,0.6568995858876976,0.6442994592479347,0.20998453177829796
2021-10-27,0.6545621705311258,0.6652997112433505,0.663067842447321,0.6650797247136151,0.6519241378688385,0.11189136654209957
2021-10-28,0.6704978258214833,0.6568192347736659,0.6618828000391365,0.6437575272741634,0.6320500976929715,0.10927682641369964
2021-10-29,0.6377098258451537,0.6329070785684525,0.6635945168006406,0.6446962384385697,0.6329250800972577,0.1593500609146784
2021-11-01,0.6391905159229054,0.63144727921317,0.6531929243415163,0.6389298406252604,0.6275503002152265,0.06109263137721928
2021-11-02,0.637075136790608,0.6288058940976715,0.6610928387355878,0.6379911294608538,0.6266752197846794,0.0720572734863729
2021-11-03,0.6260752944138432,0.6134436882107015,0.638973018160471,0.6343704156300984,0.6233005677288923,0.1392003066266957
2021-11-04,0.6245240235563352,0.6129570530699591,0.638973018160471,0.6139198127856962,0.6042388711766329,0.11183661177501265
2021-11-05,0.6211394815002504,0.614208324812622,0.6481895682114106,0.6329622977275671,0.6219880941224631,0.13487468002682984
2021-11-08,0.6328444861186648,0.6267899857530881,0.6552337246775916,0.6439586723585473,0.6322374258774428,0.10465004859485579
2021-11-09,0.6392610967026617,0.6299875859248316,0.6628044550442304,0.6455679353454629,0.6337375217471259,0.04729443007131809
2021-11-10,0.6410943679012384,0.6308216963753106,0.6619486971163399,0.6351749959676345,0.6240504686243427,0.041586245602507774
2021-11-11,0.6248061314900559,0.6148339076504814,0.6468729325545425,0.6201555150252871,0.6100510442345464,0.07983245041271406
2021-11-12,0.612960072904781,0.6148339076504814,0.6449638259200127,0.6327611526431829,0.6218004718592092,0.08523948366254637
2021-11-15,0.6337610679216272,0.6189350921212624,0.6556945019537076,0.6334317044656919,0.622425683350867,0.049073960001642644
2021-11-16,0.6257932940727746,0.6165022346183837,0.6460829712509938,0.6178087882701926,0.6078637842763526,0.07374098257429537
2021-11-17,0.6099985851566252,0.6054498468817591,0.6459512775494484,0.6226364749190956,0.612363385701576,0.04054590502785649
2021-11-18,0.617543412290201,0.6029474094633775,0.6337722721573397,0.6128469707944193,0.6032390033160324,0.05866973293362353
2021-11-19,0.6038640825063493,0.5934937687791524,0.6287031194028921,0.6015153202521843,0.5926767717364412,0.06443267216952075
2021-11-22,0.5997039050215105,0.6087169209020611,0.6324555360476097,0.6219659230965866,0.6117384682887008,0.050388074411728476
2021-11-23,0.6186715212471279,0.616780236079562,0.6513496143313285,0.6282016253361775,0.6175506413466143,0.03873899771398848
2021-11-24,0.6198703185764631,0.6092034499758592,0.6419354735016402,0.6178087882701926,0.6078637842763526,0.027760666913063115
2021-11-25,,,,,,
2021-11-26,0.5784797481040829,0.5668706475429379,0.5941409060325761,0.5818022834878045,0.5743028274302573,0.07198883002751427
2021-11-29,0.5841207232593257,0.5755596516252426,0.6094799575446025,0.5889767992036454,0.580989982892457,0.07627339055206495
2021-11-30,0.5664222699574955,0.5611011361042544,0.5799209998515308,0.552299844910592,0.5468041086334865,0.24126319247669498
2021-12-01,0.5629671471216544,0.5665925400148153,0.5851217458546619,0.5555182685725795,0.5498038102415486,0.1367500307995565
2021-12-02,0.5590184967907801,0.5823718011270249,0.59098096036552,0.589244958545543,0.5812398518313462,0.12663408758024997
2021-12-03,0.5820759249067844,0.5912693328219492,0.6188939979214293,0.6103661132124543,0.6009265638227419,0.15095889285860953
2021-12-06,0.6198703185764631,0.6179619279067221,0.6460829712509938,0.6233740409991182,0.61305094189513,0.06832026063269134
2021-12-07,0.6193766834887777,0.6130266329854619,0.6479262812611816,0.6216977637546892,0.6114885013235507,0.07649240962041258
2021-12-08,0.6183190477189551,0.623870493109467,0.653719598694836,0.632157717390031,0.621237997174491,0.06292691607463075
2021-12-09,0.6193766834887777,0.6196302548746246,0.6460170741737904,0.6391979999671578,0.6278001691541157,0.08440447346447101
2021-12-10,0.6417289493631322,0.6454192656603601,0.6645819684300766,0.6593133269003055,0.6465492599605465,0.09809316523619839
2021-12-13,0.6396841510105908,0.6396497542216766,0.6679394044230199,0.6496580559143432,0.6375497630313172,0.09524591734767908
2021-12-14,0.6525878453656886,0.6503545605816201,0.6698486115104113,0.6495239250874727,0.6374246815224811,0.11483443527302097
2021-12-15,0.6475109784852353,0.6488948672932819,0.6767610742750468,0.668097105603062,0.6547365112924293,0.06294060476640248
2021-12-16,0.6663376483366443,0.6678716225102905,0.6936800483941706,0.6676947131224504,0.6543613647921824,0.09701175858623191
2021-12-17,0.6620364168849453,0.6488948672932819,0.6691244468312044,0.6410084080384573,0.6294875932082702,0.3260235719272309
2021-12-20,0.6264278755346682,0.6144863262738003,0.6351547044385498,0.6174063957895812,0.6074885397498448,0.08866165660547821
2021-12-21,0.6186715212471279,0.6343667718567909,0.6520737790105352,0.6483169522693253,0.6362997321530448,0.1273595882441515
2021-12-22,0.6435622205617089,0.6387460638556945,0.6762343999217272,0.6514683616737993,0.6392370890592107,0.03930023407662929
2021-12-23,0.653504427168651,0.6454192656603601,0.6795918359146705,0.6577041662252336,0.6450494581696458,0.04714385446182909
2021-12-24,,,,,,
2021-12-27,0.6551262788059151,0.6548729063445851,0.6845950915919147,0.6740646485007555,0.6602986193589317,0.0722489151711771
2021-12-28,0.6652094317870654,0.6664118231550078,0.6974983621160918,0.6776853623315109,0.6636735654935015,0.07912063844058423
2021-12-29,0.6741644758112888,0.6642569671133074,0.6950625811282424,0.6791604944915559,0.665048481828088,0.05397451165592104
2021-12-30,0.6736708407236036,0.6697484770908129,0.7019749434400163,0.676813665424618,0.6628610258173724,0.05437148371730113
2021-12-31,0.6709914609091685,0.6705825875412919,0.6963792167851107,0.6830494699760523,0.6686733949278076,0.07487714399134875
2022-01-03,0.6828374119017915,0.6711386965305925,0.6951283777525842,0.676277346740823,0.662361189913333,0.05476845577868124
2022-01-04,0.6833310469894769,0.6913667234902643,0.708755812955968,0.7070537723936965,0.6910472027814363,0.1106046295155572
2022-01-05,0.709420436040741,0.7050604963423874,0.7207373280221897,0.6953868459402073,0.6801727575610597,0.07598592802485866
2022-01-06,0.7077281112163725,0.7023495313113861,0.7213956960770546,0.7049752049804996,0.6891098117621319,0.07428853024516446
2022-01-07,0.7080102191500932,0.701167839484226,0.7315339011330882,0.7073219317355941,0.6912972677728473,0.14880976825044828
2022-01-10,0.7082217463040579,0.7069373509229095,0.7172481983277009,0.6973983990958907,0.6820478038784679,0.12510095410181649
2022-01-11,0.6941898353993812,0.6865007963506182,0.7167873205987231,0.7039023629892225,0.6881098458752706,0.09586190847740682
2022-01-12,0.7039909880394628,0.6930349443912223,0.7246873354456561,0.706249089744317,0.6902973018859861,0.0886069018383913
2022-01-13,0.6998308105546238,0.6959544370348434,0.723173109010039,0.7024942450866911,0.6942567786139635,0.060928367075958556
2022-01-14,0.6931321996295585,0.6994300386677652,0.7173798920292463,0.7140941572826669,0.7051299494929495,0.10808591022955936
2022-01-17,,,,,,
2022-01-18,0.7049076774350771,0.6916447249514426,0.7137590686332121,0.7010862294960032,0.6929369530379712,0.10723721133971227
2022-01-19,0.6978564853891867,0.6981788729920466,0.7229098220598101,0.6957221218514618,0.6879088920405421,0.06918264821431015
2022-01-20,0.6932026728166627,0.6948423251231861,0.7105332258889526,0.6864690387224237,0.6792357245336598,0.08373372756765636
2022-01-21,0.6846706831003684,0.6805227572993149,0.6963134201607687,0.670108556446902,0.6639003002348318,0.1253610392454793
2022-01-24,0.6506839933873556,0.6573057638474638,0.6589861413223091,0.673729372589501,0.6672941654377442,0.15643436956730045
2022-01-25,0.6546326437182299,0.6523008890107009,0.6608953484097005,0.6662196832742491,0.6602550956991176,0.19773315264260194
2022-01-26,0.6487801414090226,0.6753093548499323,0.6599077963274033,0.6592463126427921,0.6537185085735728,0.22819049183469536
2022-01-27,0.6551967519930193,0.6855972120515808,0.6881501183636068,0.6852621682161197,0.6781044034572685,0.2849164305367336
2022-01-28,0.688760387398103,0.6951203265843644,0.695786745807449,0.712216734953854,0.7033701820582927,0.16138967598866577
2022-01-31,0.6931321996295585,0.6924788354019216,0.7098749582869491,0.707389048304951,0.6988448977527284,0.17042421255800583
2022-02-01,0.7053307317430062,0.6993605648192067,0.7188940180120017,0.712551908553265,0.7036842581980343,0.14377232967845266
2022-02-02,0.7061063671717602,0.7051995501064487,0.7244898451197689,0.7206651354335123,0.7112892335405085,0.21452917744651145
2022-02-03,0.6746580033063221,0.6968581274008252,0.7063199315152572,0.7078583527312325,0.6992848396113927,0.14500431193790808
2022-02-04,0.7146382492954026,0.7174337357371778,0.725674787075092,0.7086629330687686,0.7000389556360591,0.15617428442363762
2022-02-07,0.7130165052507904,0.7015848947094656,0.7310072267797686,0.7075230768199781,0.6989705674191293,0.09910612842730619
2022-02-08,0.7135806135255798,0.7095093682567939,0.73291643386716,0.7232131095848344,0.7136774473334309,0.10172066855570612
2022-02-09,0.7302214310575872,0.7171556282090554,0.7501645920137162,0.7297840877356798,0.7198367313809901,0.09805209916088319
2022-02-10,0.716330574119771,0.7145141370266126,0.7225806380323775,0.7035000728204546,0.6951995951907533,0.10688130535364736
2022-02-11,0.7014525545992361,0.7086056778908121,0.7262014614284115,0.7185194514509583,0.7092778326942675,0.12111754479624383
2022-02-14,0.716330574119771,0.7065202956976702,0.7207373280221897,0.7011532437535166,0.6929998858974324,0.12403323614362176
2022-02-15,0.7038499340726023,0.7032532216773681,0.7271231164335056,0.7118814590425995,0.7030558118397687,0.05047020656235883
2022-02-16,0.7087857469861953,0.7112471690732549,0.7371297282408554,0.7228778336735799,0.7133631751411678,0.06744418435930079
2022-02-17,0.7161895201529107,0.7128459161256544,0.7352864182306674,0.7228107171042228,0.7133003403079672,0.09484894528629899
2022-02-18,0.7168946823945606,0.7340471072998664,0.7457538073141335,0.7323320618870017,0.722225141226434,0.1762555952527617
2022-02-21,,,,,,
2022-02-22,0.7604005244065861,0.7444739121986319,0.7543120897630698,0.7390371708647177,0.7285100949403942,0.2530491560921523
2022-02-23,0.7467211946227343,0.735993435728947,0.7587886710869943,0.7353493404646052,0.7250532968780206,0.19477639521990886
2022-02-24,0.7377661505985109,0.7364104909541866,0.7298222848244457,0.7505028499219795,0.7392574001004573,0.23836118982108878
2022-02-25,0.7502467906456796,0.8007785950117989,0.7768926876143029,0.8138661092990263,0.7986505312827286,0.2269585095752399
2022-02-28,0.8280214303044386,0.847977324584366,0.8465437887082546,0.8572481725697958,0.8393144709895202,0.4056233145798256
2022-03-01,0.8661684050949423,0.8621577325772316,0.8660303379696347,0.8496714689970304,0.8322125664176931,0.2410715507918908
2022-03-02,0.8661684050949423,0.8594467675462303,0.8466754824097998,0.8659648347031952,0.8474850578570596,0.33659124197500445
2022-03-03,0.8787195183292151,0.8811344877942402,0.8928242301945631,0.8819230268099489,0.8624433751304239,0.21270858144087168
2022-03-04,0.8739247593824826,0.9214514879495224,0.8855167867781534,0.9299315293333938,0.9074438985906568,0.40779981657153025
2022-03-07,0.9402763947638959,0.9870013899012389,0.9541145391654658,0.9433417472888257,0.9200139040448381,0.6119392769633006
2022-03-08,0.9534621970527144,0.9374392766743516,0.8867676258106797,0.8630145703831051,0.844719639012413,0.3351539293389731
2022-03-09,0.866027351128082,0.8718199008740763,0.862870291849717,0.873072233849679,0.8541472166227444,0.288010074877144
2022-03-10,0.8731491239537286,0.8745308659050777,0.880776818051138,0.8644226882856365,0.8460394645884055,0.17184783650226548
2022-03-11,0.8718093802501852,0.875504030119618,0.8678736479798227,0.8440390996987479,0.8269330680612013,0.20307174243357562
2022-03-14,0.8615851733021744,0.8522175628192084,0.855299561483078,0.8530910377434018,0.835417927121004,0.14485373632841908
2022-03-15,0.8693414199970626,0.8717504270255179,0.8747202136672546,0.8785033557517339,0.8592379164008521,0.11284957496612048
2022-03-16,0.862219754764068,0.8575699129657082,0.8152074180821981,0.8119216727126997,0.7968280270411323,0.2924178336276402
2022-03-17,0.8340149865805064,0.8301126812790145,0.8373930352816569,0.8308300268277,0.8145514690803608,0.19042339123649954
2022-03-18,0.8353547302840498,0.8210760958200289,0.8429229653122207,0.8289526044988871,0.8127919957244867,0.31262234268270983
2022-03-21,0.8379636369113808,0.8723065360148188,0.8587228945532249,0.8681105186857492,0.84949636067704,0.17042421255800583
2022-03-22,0.8742772329106556,0.8680662977799765,0.8791968954440409,0.8799114736542655,0.8605578400031055,0.11449221797872779
2022-03-23,0.8922577941462064,0.8943418376395098,0.9063857683207436,0.8923829804452907,0.8722480597662192,0.1435943766854202
2022-03-24,0.9014243653243945,0.9061588619780552,0.9123765760802852,0.9011666568362036,0.8804813834406984,0.1174489754014209
2022-03-25,0.9072768676336018,0.9136661742331995,0.9204081841759019,0.9236958270938029,0.9015988867353608,0.1103034782965792
2022-03-28,0.9191933994059809,0.9040734797849133,0.9146148667422475,0.9004290907561812,0.8797900042229714,0.12671621973088032
2022-03-29,0.8825976954729853,0.8910747636192078,0.8793943857699279,0.9017700920893557,0.8810469949657633,0.18097819391400766
2022-03-30,0.9155267494161754,0.9219381230902646,0.9312047572868004,0.9234276677519053,0.9013474493762981,0.14460733987652802
2022-03-31,0.9165139119988939,0.9215210678650252,0.925608930179033,0.9023735273425075,0.8816125084645676,0.1361614170533722
2022-04-01,0.9096742471069681,0.9053247515275762,0.9128374538092628,0.9112913345602911,0.8899715998317086,0.09354851956798489
2022-04-04,0.9189818722520164,0.9002502967753103,0.8980250766505561,0.8892985852983304,0.8693567752026496,0.11458803882112988
2022-04-05,0.8916232126843129,0.9014319886024704,0.9088874463857964,0.8887621643026917,0.868853998510785,0.12126812040573283
2022-04-06,0.8945847004324685,0.8970528026705111,0.9098091013908903,0.8995573938492882,0.8789728573125826,0.14761885206630804
2022-04-07,0.8971936070597994,0.9156819765108386,0.9038182936313489,0.918666995360516,0.9049400138099397,0.12933075985928028
2022-04-08,0.9361162172790571,0.9254137247231864,0.9285714859730637,0.9081399251558171,0.8950207364752187,0.10403405746512805
2022-04-11,0.9318149858273579,0.9308356547851888,0.9295589376024996,0.9182647051917479,0.9045610442855199,0.14633211503976568
2022-04-12,0.9247637937814674,0.9246490881212659,0.9318631253416653,0.9200751132630474,0.9062669953029738,0.05929941275512299
2022-04-13,0.9363983252127779,0.9290282740532252,0.934759683605631,0.919337547183025,0.9055718910873347,0.05887506331019944
2022-04-14,0.9352701086631989,0.9243015067445848,0.9377880360240035,0.9195386922674089,0.9057615719020664,0.08707376835995785
2022-04-15,,,,,,
2022-04-18,0.9255394292102215,0.9434867895742134,0.9397630397357367,0.920343272604945,0.9065196089771665,0.09595772931980891
2022-04-19,0.9302637149698498,0.9324344018375885,0.938314710377323,0.9386481914667932,0.9237679177300882,0.1179007022298879
2022-04-20,0.952898088777925,0.9501599913788787,0.9580645465889323,0.9460238522670181,0.9307177835713476,0.07405582248504511
2022-04-21,0.9578339016915178,0.9401502417053527,0.9296906313040448,0.9082740559826876,0.8951470923254456,0.1291664955580195
2022-04-22,0.9096037739198639,0.8996941877860094,0.9084924657340222,0.8863483209782403,0.8744869795638772,0.10334962287654169
2022-04-25,0.8945142272453643,0.881204067709743,0.8841343544969432,0.8889633093870757,0.8769509676564313,0.16477078285628244
2022-04-26,0.8917642666511731,0.8940637301113872,0.8978274858718073,0.8738768141872151,0.8627353953614758,0.1335468769249723
2022-04-27,0.8849246017592474,0.9314612376230482,0.8990125282799918,0.8943274170316173,0.882005495744288,0.2683804908764869
2022-04-28,0.9185587103514352,0.9056027529887543,0.913759108814357,0.9025076581693781,0.8897135947131694,0.1536144990623246
2022-04-29,0.908475557370285,0.89670522129383,0.8916392882392402,0.8711948115208661,0.8602081803306778,0.207821718478365
2022-05-02,0.8769567203177426,0.8727930650886166,0.8550361740799873,0.8492020622589054,0.8394850366833875,0.19921153135394848
2022-05-03,0.8632773905338909,0.8598638227714699,0.8679394446041645,0.8500737591657983,0.8403063006967315,0.20648022668473576
2022-05-04,0.8590467398619479,0.9061588619780552,0.8660961345939765,0.914040453795997,0.9005805899377219,0.21808823730716054
2022-05-05,0.9187703450980518,0.9116502658886161,0.9048716423379882,0.8893657018676873,0.8773301332333727,0.2536377698383365
2022-05-06,0.890142415013909,0.8891979090386855,0.891705084863582,0.8917795451921389,0.8796047345899778,0.13802307913432715
2022-05-09,0.8871809272657531,0.8709162105080945,0.842133004008672,0.8231862066855775,0.8149708254242478,0.21822512422487783
2022-05-10,0.8309124448654903,0.8399833771884793,0.830941450245999,0.8227169022592962,0.8145287269878452,0.19539238634963657
2022-05-11,0.8262586322929661,0.8305297365042541,0.8264647684692129,0.8068928409794127,0.7996180504772508,0.206617113602453
2022-05-12,0.802848730648789,0.7993189017234605,0.7826201079707537,0.7837602354686617,0.7778207350636406,0.24643751796640795
2022-05-13,0.795938484977107,0.7945225544993173,0.8052008062748482,0.8026685895836618,0.7956376941557135,0.1692469850656373
2022-05-16,0.8077140703752776,0.8018213391418421,0.8210006350629909,0.8126592387927223,0.8050514500632662,0.12537472793725102
2022-05-17,0.8256240508310724,0.830043207430456,0.8313364308977734,0.8382727018854383,0.8291864957454642,0.10448578429359505
2022-05-18,0.8345790948552958,0.8289309894518544,0.8222514740955175,0.8004558913435944,0.7935526755875792,0.22008678630583273
2022-05-19,0.7879001303484978,0.7742945275396456,0.7643844981947617,0.7454740181886925,0.7417446204168312,0.24463061065253994
2022-05-20,0.7489776277218922,0.7339080535358051,0.721790676728829,0.7167761599490159,0.7147032921531546,0.22783458584863042
2022-05-23,0.7264843078806775,0.7283470697097414,0.7521395957254494,0.7382324882153382,0.7349210123995378,0.20411208300822692
2022-05-24,0.733535499926568,0.750660478862555,0.7584594870595619,0.7591524977978654,0.7546335052975353,0.158665626326092
2022-05-25,0.7588492535490781,0.751494589313034,0.7705727962801904,0.7606946442154239,0.7560865485620136,0.16115696822854642
2022-05-26,0.772599056520034,0.7719311438853254,0.7911125937953482,0.7688077687838277,0.7637313225663902,0.15822758818939675
2022-05-27,0.7790861402911349,0.7899347348877939,0.8003950409234913,0.8040095909168363,0.7969012526579822,0.14818008842894886
2022-05-30,,,,,,
2022-05-31,0.7902976174145162,0.787293243705351,0.8087557325936788,0.7932814779395969,0.7867922945085297,0.18012949502416054
2022-06-01,0.8103934501897128,0.799388375572019,0.8141540693755588,0.80206515433051,0.7950689457903015,0.12081639357726583
2022-06-02,0.8215343465333378,0.8184347107045304,0.8116523913105059,0.8236556134237025,0.8154131199131722,0.10681286189478871
2022-06-03,0.8195600213679006,0.826080970656792,0.8416063296553523,0.8282821549882216,0.8197727398379115,0.1490698533941111
2022-06-06,0.8402905431976428,0.830043207430456,0.8487820793702169,0.8267399062588197,0.8183195005209116,0.08699163620932747
2022-06-07,0.8229445634239854,0.8537468360230496,0.8400263065953933,0.8648249784544046,0.8542060323792504,0.13962465607161922
2022-06-08,0.8555916170261066,0.8433895049728426,0.8572745651948112,0.8365294103834959,0.8275438696925153,0.09625888053878691
2022-06-09,0.8360597849330478,0.8244127497558338,0.830941450245999,0.8065575650681582,0.7993020138122924,0.06868985531052797
2022-06-10,0.791778307492268,0.7932018089080959,0.8054640932250773,0.791404055610784,0.7850233126053539,0.1410619687076506
2022-06-13,0.7668171349905828,0.7552481924071341,0.7643844981947617,0.7437977409442635,0.7401650252496044,0.13238333812437547
2022-06-14,0.748836573755032,0.7359238558134442,0.7492429370086223,0.7328683805707967,0.729866582337942,0.11785963615457272
2022-06-15,0.7406571651595626,0.7487141504334744,0.7555629287955964,0.7464127293530991,0.7426291113684191,0.13074069511176817
2022-06-16,0.7230997658245928,0.7137495004246921,0.7290981201452388,0.7059809304024196,0.7045312050917192,0.13924137270201087
2022-06-17,0.7054717857098667,0.6978312916153655,0.708163241525445,0.6918331463669651,0.6912000257220909,0.3753986831478516
2022-06-20,,,,,,
2022-06-21,0.7008884463244467,0.7331434169338846,0.7308097364538814,0.7372267627934181,0.7339732945097059,0.12484086895815368
2022-06-22,0.7135806135255798,0.7362019633415668,0.7394338155271595,0.7336059466508191,0.7305615885273202,0.1106046295155572
2022-06-23,0.7339585542344971,0.7288337048504838,0.7465437686176822,0.7375620387046726,0.7342893311746643,0.11769537185331198
2022-06-24,0.7422789092041748,0.7627555046622785,0.7660303178790623,0.7759822844996687,0.7704917036454397,0.18537226397273215
2022-06-27,0.7820477356319426,0.7872237698567925,0.8000658568960589,0.7838272497261751,0.7778838639756236,0.13082282726239852
2022-06-28,0.79410521377853,0.799388375572019,0.7867018090957655,0.7636449085355139,0.7588665733195261,0.17733700190272816
2022-06-29,0.7721760022121049,0.7576116821283987,0.7795260593809009,0.7555316816552664,0.7512217012888884,0.12514202017713166
2022-06-30,0.7381187317193358,0.7603921210079583,0.757735322380355,0.7687407545263143,0.7717469299155366,0.13988474121528205
2022-07-01,0.7691440412768449,0.774920110377505,0.7846610087596905,0.7862410930506265,0.7883323850926369,0.052619331170520034
2022-07-04,,,,,,
2022-07-05,0.76188132207699,0.7510079541722916,0.7194864889896632,0.7236824140111158,0.7290441420094678,0.17681683161540251
2022-07-06,0.7185870072189289,0.7487141504334744,0.7473338303740925,0.7574091039840793,0.7610076629088627,0.10595047431316988
2022-07-07,0.7643491747374604,0.7572641007517176,0.7817643500428632,0.7642483437886658,0.7674893553283351,0.08619769208656729
2022-07-08,0.7694260416179137,0.758723794040056,0.7772218716417353,0.7678020433619077,0.7708572435721239,0.10912625080421064
2022-07-11,0.7581440913074282,0.7567079917624169,0.7784727106742616,0.7586830910597404,0.7622150523636682,0.045282192380874164
2022-07-12,0.7598364161317965,0.7507299527111135,0.7609611651246148,0.7377631837890566,0.7423887509768317,0.05793054357795026
2022-07-13,0.7154844655039128,0.7181983723390986,0.7418696969678705,0.7160385938689935,0.7217999033068963,0.07237211339712264
2022-07-14,0.6894655496397528,0.6805923372148177,0.7035549664999753,0.6963255571046136,0.7031174703578391,0.09896924150958893
2022-07-15,0.7118178155141073,0.6958849631862849,0.7206056343206443,0.7118814590425995,0.7178601298573484,0.07339876528000219
2022-07-18,0.717881844977279,0.7090227331160517,0.7125082296006858,0.6919001606244788,0.6989234167876639,0.09838062776340466
2022-07-19,0.6877732248153845,0.7111081153091936,0.7139565589590994,0.7246881394330358,0.7299973493699068,0.08002409209751823
2022-07-20,0.7214779141873284,0.7280690682485631,0.7381829764946332,0.7383666190422087,0.7429607342088516,0.09703913596977536
2022-07-21,0.7313496476071661,0.7229946134962975,0.7506254697426941,0.7395064752909992,0.7440409836033435,0.039697206138009394
2022-07-22,0.7446058154904369,0.74496044127243,0.7605661844728405,0.7386347783841061,0.7432148182769571,0.07019561140541798
2022-07-25,0.7388943671480899,0.745794551722909,0.7662936048292913,0.752313257993279,0.7561782031159019,0.05799898703680889
2022-07-26,0.7558877658009224,0.7412763120268884,0.7674127501602724,0.7444682927667725,0.7487434013622514,0.0981068539279701
2022-07-27,0.756522347262816,0.759418956793418,0.7521395957254494,0.7593536428822494,0.7628505566127144,0.11424582152683667
2022-07-28,0.7534903863275562,0.7706103982941042,0.7692560601704604,0.7858388028818586,0.7879510629379569,0.09731290980520992
2022-07-29,0.7852207505340629,0.7955651925624161,0.808689935969337,0.8050824329081134,0.8061886527153079,0.12438914212968667
2022-08-01,0.8065858538256987,0.800222486022498,0.8165898503634083,0.8017968926767689,0.8030749465658853,0.1047048033619427
2022-08-02,0.8117331938932562,0.8110663461465031,0.8128374337186907,0.8075632904900782,0.8085398125816314,0.09389073686227807
2022-08-03,0.8109575584645021,0.8254553878189326,0.8119157787135965,0.8319028688189769,0.8316069601782039,0.12389634922590449
2022-08-04,0.8402200700105387,0.8330321739226356,0.8446346820737248,0.8217781910948896,0.8220116596355698,0.07853202469439996
2022-08-05,0.8237907796324957,0.8094675990941034,0.8250164391107994,0.8190960861166972,0.8194697406656455,0.05177063228067294
2022-08-08,0.8334508783057168,0.8162797485958857,0.8174457087441603,0.7991819042679333,0.800596646639248,0.08763500472259865
2022-08-09,0.8095473415738546,0.8007091211632404,0.8266622587951001,0.8114522659745746,0.812225501963074,0.07624601316852149
2022-08-10,0.8239317260067041,0.8194773487676292,0.8426596783619916,0.830494853228289,0.8302726267156066,0.0760543714837173
2022-08-11,0.8366238932078371,0.8271237147868351,0.8508887767834953,0.8396138055304565,0.8389148179240626,0.15418942411673714
2022-08-12,0.8450148289572712,0.8695955709838175,0.8653719699147698,0.8807160539918013,0.8778682974054017,0.1489055890928504
2022-08-15,0.8781554100544258,0.8980259668850514,0.8895983874503034,0.9028429340806325,0.8988383692037563,0.15714618153943027
2022-08-16,0.9102383553817575,0.9001113490781933,0.9227123719150675,0.904385080498191,0.900299940752928,0.06656810808591022
2022-08-17,0.8988859318841678,0.9067844448159144,0.912442372704627,0.9124983073784385,0.9079890226272058,0.0738504921084692
2022-08-18,0.9272317540345898,0.911163736814818,0.9327847803467592,0.9192034163561544,0.9143435749863646,0.09646421091536282
2022-08-19,0.9230009957699947,0.9053247515275762,0.9254773369303494,0.9056590675738521,0.9015073302077334,0.05522018260714824
2022-08-22,0.8965590255979057,0.8821772319242833,0.8804476340237056,0.8575164342235366,0.8558814972295818,0.07119488590475408
2022-08-23,0.8611620114015932,0.8515224000658463,0.8723502293037472,0.8542308939921923,0.8527676930538983,0.07437066239579483
2022-08-24,0.8651812425122238,0.8499236530134466,0.870967797022537,0.8575164342235366,0.8558814972295818,0.06329651075246738
2022-08-25,0.8661684050949423,0.8699430462935542,0.8811717987029125,0.8811183441605694,0.8782495215338209,0.03142923630788605
2022-08-26,0.8950783355201539,0.8765467742496611,0.8677419542782773,0.8447766657787703,0.8438077007077889,0.047089099694742176
2022-08-29,0.8378225829445203,0.8477687969717462,0.852337106141909,0.8522193408365089,0.8508613763592812,0.049128714768729556
2022-08-30,0.8588352127079832,0.8443626691873829,0.8552337648587361,0.8349201473965804,0.834466582259521,0.04622671211312335
2022-08-31,0.839585380955993,0.831919955944034,0.8437788236929727,0.8202359423654877,0.8205499900601372,0.09806578785265492
2022-09-01,0.8224510359289523,0.805574942235942,0.8094798972728857,0.796365770774714,0.7979276856352711,0.19997809809316525
2022-09-02,0.8118742478601166,0.8106492909212635,0.8147465403532205,0.793080332855213,0.7948140775121093,0.08343257634867836
2022-09-05,,,,,,
2022-09-06,0.7966436472187568,0.7959127739390972,0.810467449355183,0.7908676346151455,0.792717099740152,0.08281658521895062
2022-09-07,0.7853616969082713,0.7984846852060372,0.8027650252869988,0.8122569486239544,0.8129881462724338,0.046459419873242716
2022-09-08,0.8074319624415569,0.800083538325381,0.8229756387747241,0.8119216727126997,0.8126704431610412,0.054672634936279135
2022-09-09,0.8214638733462336,0.8296956260537751,0.8368663609283372,0.8382056876279249,0.8375802884089436,0.0921522730072687
2022-09-12,0.8461430455068502,0.8647992237596742,0.8583278134485889,0.8638862672899981,0.8619183464773479,0.16950707020930011
2022-09-13,0.8455789372320606,0.8385931577486994,0.8328505568805288,0.8138661092990263,0.814513238838632,0.14322478200758354
2022-09-14,0.8209702382585482,0.830043207430456,0.8359447059232431,0.832305158987745,0.8319882823328839,0.1007624601316852
2022-09-15,0.833521351492821,0.81767007410261,0.8348913572166038,0.8170846352728571,0.8175634239710281,0.09067389429592214
2022-09-16,0.806303745891978,0.8084249610310046,0.821593206493514,0.8103124097257843,0.811145252568582,0.4101816489398108
2022-09-19,0.801297459791281,0.8080773796543235,0.8245556618346831,0.8209064941879967,0.8211854943091834,0.06973019588517926
2022-09-20,0.8178676965435321,0.8128041469629639,0.8207373481127619,0.8214429151836351,0.8216938584979161,0.08387061448537363
2022-09-21,0.8515019127283721,0.8554150569240075,0.8403554906228258,0.8153412414590713,0.8159111913445165,0.09057807345352005
2022-09-22,0.822380455149196,0.8169749113492479,0.8284397721809461,0.8146036753790487,0.8152121660784437,0.07161923534967764
2022-09-23,0.8014385137581412,0.7857639705015098,0.7799210400326754,0.7730990344370923,0.7758773644424246,0.08198157502087526
2022-09-26,0.7697081495516345,0.7719311438853254,0.7813034723138855,0.7632425160549023,0.7665360499416352,0.0651581728334223
2022-09-27,0.7775348694336268,0.7644933054787395,0.7703094088770998,0.751441561086386,0.7553520377895158,0.05753357151657017
2022-09-28,0.7481314115133821,0.7570555731390978,0.7588545681641979,0.7633766468817729,0.7666631900019487,0.08643039984668664
2022-09-29,0.7596953621649363,0.7450994950364913,0.7377221992185169,0.7230118621886068,0.7284086377604215,0.09115299850793258
2022-09-30,0.7126639241299655,0.712567808597532,0.7339038854965957,0.7078583527312325,0.7140473004155923,0.12147345078230874
2022-10-03,0.7243689287483799,0.7530238625168753,0.7488479563568479,0.7639130678774113,0.7671715541906816,0.11204194215158857
2022-10-04,0.7748554896191919,0.791950537165433,0.7998683665701717,0.8048812878237293,0.8059980896642287,0.06569203181251967
2022-10-05,0.7991116074718791,0.8053664146233224,0.8154707050324271,0.8051494471656269,0.8062522717585952,0.09082446990541114
2022-10-06,0.7955154306691778,0.7861811317936938,0.8073733003124687,0.783223814473023,0.7934081848790964,0.08328200073918936
2022-10-07,0.7790156671040307,0.772348199110565,0.7919025550988968,0.7850341202324791,0.7951334470699363,0.1239511039929914
2022-10-10,0.8041178935725763,0.8043932504087818,0.8062541549814876,0.7966340324284549,0.8061883586365253,0.060011224727252815
2022-10-11,0.8067973809796634,0.8170443851978064,0.8261355844417805,0.8122569486239544,0.8210772733172127,0.11182292308324095
2022-10-12,0.8043294207265408,0.7924371723061754,0.8080974649916756,0.7826203792198712,0.7928330648067294,0.07007241317947244
2022-10-13,0.7635030661216022,0.8129432007270252,0.7847268053840323,0.8215770460105056,0.8299595308384735,0.06446004955306421
2022-10-14,0.8309124448654903,0.8132907821037063,0.7925609231537617,0.7682043335306759,0.7790942922445152,0.09831218430454601
2022-10-17,0.7910026720635139,0.8121785641251047,0.8149440306791075,0.8196325071123356,0.8281063443772334,0.10423938784170396
2022-10-18,0.8485404249802164,0.8725845374759971,0.8641870279594467,0.8775646445873275,0.8833167930355872,0.12088483703612445
2022-10-19,0.8860528183088263,0.8932990935094667,0.8934167011722246,0.8902372964627367,0.8953940204765096,0.11464279358821679
2022-10-20,0.9014243653243945,0.8898930717920477,0.8908492264828299,0.8772964852454299,0.883061238573569,0.11809234391469207
2022-10-21,0.8792131534169005,0.9080357165585773,0.8938775789012025,0.9118948721252866,0.9160341358808659,0.14297838555569242
2022-10-24,0.9344238924546886,0.927360053152267,0.9394996523326461,0.9200079966936905,0.9237660552311322,0.08675892844920811
2022-10-25,0.9234240500779238,0.9279161621415679,0.9315339413142328,0.9330159244803542,0.9361628482824036,0.13163046007693047
2022-10-26,0.9543083056685726,0.9439734247149556,0.936537196991477,0.9326806485690997,0.9358433806983155,0.1461678507385049
2022-10-27,0.9531096159318895,0.9471709188197548,0.9579328528873868,0.948102419680215,0.9505405560127937,0.11209669691867548
2022-10-28,0.952898088777925,0.9676770533075492,0.9535878648121462,0.9663403242845499,0.9679216903491579,0.1650171793081735
2022-10-31,0.9636864040007251,0.9582928864718825,0.9667544222865522,0.9601716363024724,0.9620427614076101,0.15872038109317893
2022-11-01,0.9758144629270689,0.9625331247067248,0.97860434410409,0.960909202382495,0.9627457077241166,0.09361696302684354
2022-11-02,0.9648850937374083,0.9603086887495216,0.9572745852853836,0.9371730593067482,0.9401246776406413,0.15035659042065352
2022-11-03,0.9250459017151882,0.9652440897377261,0.9378538326483453,0.954405238489163,0.9565473111984808,0.13503894432809055
2022-11-04,0.9732760294868421,0.9709440212609068,0.9509545934984095,0.9572213719823826,0.9592310741678454,0.14559292568409238
2022-11-07,0.9710195963876842,0.9650355621251063,0.9718893716653417,0.9721067220978592,0.973417140558287,0.07193407526042736
2022-11-08,0.9849104533255004,0.9774086954529524,0.9865701555753649,0.9785435694218343,0.9795516239618529,0.07693044775710785
2022-11-09,0.9884360493484456,0.9726818220773676,0.9802501637883908,0.9582942139736594,0.9602535860947006,0.03799980835831519
2022-11-10,1.0,0.9829000993635135,0.9813693091193719,0.9848463882307821,0.9855582811212793,0.1135066321711634
2022-11-11,0.9837822367759215,0.9645489269843639,0.9361422163397027,0.9154485716985286,0.9194208451667367,0.14698917224480856
2022-11-14,0.9285714977381334,0.9312527100104284,0.9364055032899318,0.9133700042853314,0.917439930487618,0.15602370881414862
2022-11-15,0.9321675669481828,0.9335466198161901,0.9332455576228754,0.9356309128891898,0.9386549699118196,0.12344462239743749
2022-11-16,0.9447186801824556,0.9331295645909508,0.9457538474952781,0.9271153958401743,0.9305395718291347,0.053057369307215316
2022-11-17,0.9225779414620656,0.9301404920318268,0.9346280903569472,0.9381788870405117,0.9410832764454267,0.047472383064350546
2022-11-18,0.9569877930756596,0.9547478109904022,0.9665569319606652,0.94957755184026,0.9519464486458065,0.09564288940905917
2022-11-21,0.9538852513606435,0.9668428367901256,0.9670178096896428,0.9654016131201433,0.9670270046664422,0.06584260742200868
2022-11-22,0.99005790098571,0.97455867665789,0.9905200625459697,0.9717044319290913,0.9730337598521295,0.055931994579278055
2022-11-23,0.9803272215327326,0.9746977304219513,0.9910467368992893,0.9768672921774053,0.9779540899888917,0.08484251160116628
2022-11-24,,,,,,
2022-11-25,0.9964744039770548,0.9799806067198924,0.9999999999999999,0.9867909271289521,0.9874114675825196,0.006433685132711864
2022-11-28,0.9880834682276207,0.9769220603122102,0.9828835355549891,0.9647981778669914,0.9664519826203362,0.04585711743528671
2022-11-29,0.977013152663752,0.9644794531358054,0.9833443128311051,0.9696928787734078,0.9711166602688195,0.037903987515913104
2022-11-30,0.9732760294868421,0.9701099108104279,0.9669519126124394,0.9775378439999143,0.9785931231833283,0.2170752741160527
2022-12-01,0.9944296056245134,0.9770611140762715,0.9863067681722743,0.9767332636623782,0.977826361771013,0.0701545453301028
2022-12-02,0.9764490443889624,1.0,0.987689300906346,1.0,1.0,0.10096779050826112
2022-12-05,0.9904103745138828,0.9808842970858742,0.9874259135032554,0.9676143113602109,0.9691357455897005,0.08836050538650021
2022-12-06,0.9808913298075221,0.9625331247067248,0.960895308228556,0.949979842009028,0.9523298293519642,0.07202989610282945
2022-12-07,0.9577634285044136,0.9455721717673553,0.9518762485035034,0.9361003196273148,0.9391023617663077,0.07901112890641042
2022-12-08,0.9607249162525693,0.9460588069080975,0.9611586956316466,0.945956735697661,0.9484957282116051,0.061256895678480014
2022-12-09,0.9526865616239604,0.9480746091857368,0.9608295116042141,0.9416654700443967,0.9444060726092278,0.05842333648173244
2022-12-12,0.9568467391087991,0.9499514637662589,0.9599736532234621,0.958964663484325,0.9608925212628763,0.06076410277469782
2022-12-13,0.9930898619209698,0.9797026052587141,0.9674127903414173,0.9529971205866314,0.9552053316875377,0.09198800870600797
2022-12-14,0.9648850937374083,0.9650355621251063,0.969058610025718,0.9549416594848015,0.9570585181487781,0.061256895678480014
2022-12-15,0.9569877930756596,0.9443904799401952,0.9306780829334808,0.9289258039114738,0.9322649320462355,0.08122869697343026
2022-12-16,0.9323086209150431,0.9334075660521288,0.9356813386107249,0.9356309128891898,0.9386549699118196,0.24664284834298383
2022-12-19,0.943731517599737,0.9514807369701002,0.942001330397699,0.9232935369250348,0.9268972100549848,0.11135750756300221
2022-12-20,0.9321675669481828,0.9477270278090557,0.9443713147612064,0.9388493365511772,0.9417222116136024,0.072153094328775
2022-12-21,0.9588210642742363,0.9556513952894397,0.9636602732438379,0.9613114925512629,0.9631290884302741,0.05196227396547712
2022-12-22,0.961359497714463,0.9523148474205791,0.934759683605631,0.9386481914667932,0.941530570273654,0.039861470439270116
2022-12-23,0.9478916950845757,0.9425136253596729,0.9579987499645904,0.9474318678577061,0.9499015228183569,0.035617975990034634
2022-12-26,,,,,,
2022-12-27,0.9665774185617766,0.9508550480652964,0.9696510810033795,0.9530642371559885,0.9552693428358683,0.03687733563303355
2022-12-28,0.9665774185617766,0.9523148474205791,0.963594476619496,0.9411961656181151,0.9439587787810004,0.008651253199731701
2022-12-29,0.954519832822537,0.9544002296137211,0.9626728216144022,0.9563496750754894,0.9584003996334602,0.0186987529601796
2022-12-30,0.962487714264042,0.9500904114633759,0.9489137931623345,0.9488399857602376,0.9512435023293,0.055288626066006874
